aluno_id,turma_id,disciplina,M1,M2,M3
53,3,Sociologia,6.5,4.8,5.0
53,3,Topografia,2.5,6.5,5.1
53,3,Língua Portuguesa,6.7,8.5,5.0
53,3,Matemática,6.4,6.7,5.3
53,3,Física,3.5,1.8,3.3
53,3,Química,6.6,6.7,8.1
53,3,Biologia,8.8,5.0,5.9
53,3,História,8.0,6.8,5.3
53,3,Geografia,4.4,5.2,5.7
53,3,Inglês,5.7,6.5,7.0
53,3,Filosofia,5.0,6.5,7.0
53,3,Espanhol,8.8,8.3,9.5
53,3,Artes,7.0,7.3,9.0
53,3,Educação Física,9.8,8.6,8.2
53,3,Saúde e Segurança do Trabalho,7.0,7.3,6.0
53,3,Mineralogia e Petrografia,8.3,5.7,9.6
53,3,Geologia Geral,8.0,6.2,6.3
53,3,Tratamento de Minérios,5.0,3.7,0.0
56,3,Sociologia,6.8,7.6,2.5
56,3,Topografia,4.9,6.6,10.0
56,3,Língua Portuguesa,7.3,8.3,8.9
56,3,Matemática,8.1,8.5,7.7
56,3,Física,5.3,3.0,6.8
56,3,Química,8.1,7.1,0.0
56,3,Biologia,8.9,8.4,7.2
56,3,História,10.0,7.0,7.8
56,3,Geografia,8.4,8.1,7.0
56,3,Inglês,6.3,7.0,7.0
56,3,Filosofia,8.5,8.7,9.1
56,3,Espanhol,8.8,8.0,9.0
56,3,Artes,10.0,7.5,7.5
56,3,Educação Física,9.8,8.3,9.0
56,3,Saúde e Segurança do Trabalho,7.8,8.1,7.6
56,3,Mineralogia e Petrografia,9.8,7.3,8.7
56,3,Geologia Geral,9.5,7.0,8.9
56,3,Tratamento de Minérios,8.0,8.1,0.0
61,3,Sociologia,5.2,7.0,3.5
61,3,Topografia,6.0,7.6,9.0
61,3,Língua Portuguesa,7.5,8.3,7.5
61,3,Matemática,8.5,8.0,7.3
61,3,Física,6.8,4.0,3.5
61,3,Química,7.8,8.7,8.7
61,3,Biologia,8.2,3.7,7.6
61,3,História,10.0,7.3,7.3
61,3,Geografia,6.7,9.4,7.2
61,3,Inglês,7.0,6.6,7.0
61,3,Filosofia,7.0,7.0,6.0
61,3,Espanhol,9.0,9.0,9.5
61,3,Artes,8.0,0.0,7.5
61,3,Educação Física,9.8,8.3,9.8
61,3,Saúde e Segurança do Trabalho,7.3,6.7,9.5
61,3,Mineralogia e Petrografia,9.1,6.3,8.8
61,3,Geologia Geral,7.5,3.0,7.6
61,3,Tratamento de Minérios,8.0,5.7,0.0
63,3,Sociologia,5.5,7.1,8.3
63,3,Topografia,6.8,8.8,8.8
63,3,Língua Portuguesa,7.6,8.8,5.5
63,3,Matemática,5.8,6.8,7.5
63,3,Física,2.0,1.8,5.8
63,3,Química,6.6,7.0,7.4
63,3,Biologia,8.0,7.1,7.2
63,3,História,5.0,6.0,7.3
63,3,Geografia,6.3,3.6,7.3
63,3,Inglês,7.8,7.0,7.9
63,3,Filosofia,9.0,6.7,7.0
63,3,Espanhol,8.7,8.3,9.5
63,3,Artes,8.0,7.3,7.5
63,3,Educação Física,9.7,6.9,9.6
63,3,Saúde e Segurança do Trabalho,5.7,7.0,8.0
63,3,Mineralogia e Petrografia,9.2,7.3,9.0
63,3,Geologia Geral,9.5,6.1,7.4
63,3,Tratamento de Minérios,5.5,3.9,0.0
58,3,Sociologia,7.0,7.6,8.7
58,3,Topografia,8.3,7.4,7.0
58,3,Língua Portuguesa,7.2,8.6,8.5
58,3,Matemática,6.1,7.0,7.5
58,3,Física,3.5,2.5,4.8
58,3,Química,7.1,7.1,8.7
58,3,Biologia,8.8,7.8,5.6
58,3,História,7.0,7.5,7.0
58,3,Geografia,8.6,7.3,7.0
58,3,Inglês,8.3,7.6,7.8
58,3,Filosofia,9.5,8.0,9.9
58,3,Espanhol,9.8,8.5,9.5
58,3,Artes,10.0,7.5,7.5
58,3,Educação Física,9.8,8.4,9.5
58,3,Saúde e Segurança do Trabalho,8.8,7.3,7.7
58,3,Mineralogia e Petrografia,9.4,8.8,7.8
58,3,Geologia Geral,8.5,7.4,9.3
58,3,Tratamento de Minérios,8.0,4.8,0.0
60,3,Sociologia,7.3,5.3,6.3
60,3,Topografia,3.6,7.0,6.3
60,3,Língua Portuguesa,6.4,9.0,5.0
60,3,Matemática,6.0,6.8,7.0
60,3,Física,2.3,2.8,3.0
60,3,Química,4.0,7.5,8.4
60,3,Biologia,6.3,7.1,6.9
60,3,História,9.0,7.8,5.5
60,3,Geografia,5.0,6.6,6.2
60,3,Inglês,5.6,4.5,7.0
60,3,Filosofia,6.3,8.3,7.0
60,3,Espanhol,8.5,7.5,9.5
60,3,Artes,8.2,7.5,7.5
60,3,Educação Física,9.8,7.2,8.3
60,3,Saúde e Segurança do Trabalho,7.0,8.1,7.1
60,3,Mineralogia e Petrografia,9.0,7.3,7.0
60,3,Geologia Geral,7.0,6.0,6.7
60,3,Tratamento de Minérios,6.5,5.2,0.0
68,3,Sociologia,8.4,4.2,8.3
68,3,Topografia,6.0,8.8,9.0
68,3,Língua Portuguesa,6.2,9.0,7.8
68,3,Matemática,7.7,6.0,10.0
68,3,Física,3.5,3.0,5.8
68,3,Química,7.0,7.0,9.2
68,3,Biologia,7.8,7.3,7.8
68,3,História,10.0,7.8,6.8
68,3,Geografia,9.0,9.5,7.6
68,3,Inglês,6.9,8.1,8.1
68,3,Filosofia,9.0,7.7,8.9
68,3,Espanhol,9.3,9.7,9.5
68,3,Artes,10.0,8.3,7.5
68,3,Educação Física,9.7,8.6,9.4
68,3,Saúde e Segurança do Trabalho,6.9,7.2,7.7
68,3,Mineralogia e Petrografia,10.0,7.0,7.7
68,3,Geologia Geral,8.5,6.9,7.9
68,3,Tratamento de Minérios,8.5,6.8,0.0
72,3,Sociologia,9.5,8.0,9.5
72,3,Topografia,9.5,8.8,9.0
72,3,Língua Portuguesa,7.8,9.8,6.0
72,3,Matemática,9.3,10.0,8.7
72,3,Física,9.0,8.8,6.5
72,3,Química,8.8,8.9,10.0
72,3,Biologia,9.7,9.2,8.5
72,3,História,7.6,8.3,7.5
72,3,Geografia,8.6,8.5,8.5
72,3,Inglês,7.6,8.7,8.0
72,3,Filosofia,10.0,9.8,7.8
72,3,Espanhol,8.5,9.5,9.5
72,3,Artes,10.0,10.0,9.0
72,3,Educação Física,9.6,9.2,9.1
72,3,Saúde e Segurança do Trabalho,8.2,8.4,9.8
72,3,Mineralogia e Petrografia,10.0,9.2,8.5
72,3,Geologia Geral,9.5,7.5,9.0
72,3,Tratamento de Minérios,7.7,10.0,0.0
65,3,Sociologia,0.3,0.0,2.5
65,3,Topografia,3.4,2.4,3.0
65,3,Língua Portuguesa,3.0,7.0,0.0
65,3,Matemática,4.3,1.3,0.0
65,3,Física,3.5,2.0,0.0
65,3,Química,2.4,0.0,0.0
65,3,Biologia,7.4,1.0,7.5
65,3,História,1.5,0.0,8.5
65,3,Geografia,1.5,4.3,0.0
65,3,Inglês,4.4,0.0,5.3
65,3,Filosofia,8.3,2.5,2.0
65,3,Espanhol,7.5,7.0,9.5
65,3,Artes,8.8,0.0,7.5
65,3,Educação Física,9.7,4.8,8.3
65,3,Saúde e Segurança do Trabalho,3.7,4.8,6.0
65,3,Mineralogia e Petrografia,0.0,0.0,2.5
65,3,Geologia Geral,2.5,1.1,3.5
65,3,Tratamento de Minérios,1.0,0.0,0.0
80,3,Sociologia,4.4,5.5,7.3
80,3,Topografia,3.3,5.8,7.4
80,3,Língua Portuguesa,7.4,8.9,7.5
80,3,Matemática,5.8,6.7,7.5
80,3,Física,2.0,1.4,4.2
80,3,Química,6.7,9.0,7.5
80,3,Biologia,9.3,7.5,7.5
80,3,História,10.0,8.0,6.5
80,3,Geografia,7.9,6.2,5.9
80,3,Inglês,7.5,6.9,8.1
80,3,Filosofia,7.0,6.7,7.0
80,3,Espanhol,8.8,9.3,9.5
80,3,Artes,8.0,9.8,9.0
80,3,Educação Física,9.8,7.8,9.3
80,3,Saúde e Segurança do Trabalho,8.0,7.0,7.5
80,3,Mineralogia e Petrografia,9.0,7.0,7.1
80,3,Geologia Geral,8.0,7.0,8.0
80,3,Tratamento de Minérios,8.0,6.1,0.0
75,3,Sociologia,5.4,4.8,1.3
75,3,Topografia,3.1,7.4,5.0
75,3,Língua Portuguesa,7.5,9.0,7.3
75,3,Matemática,5.6,6.7,5.3
75,3,Física,2.5,1.6,5.0
75,3,Química,6.2,5.1,8.1
75,3,Biologia,6.4,7.4,5.9
75,3,História,6.0,6.5,5.8
75,3,Geografia,3.4,3.8,5.0
75,3,Inglês,5.3,4.5,7.0
75,3,Filosofia,6.0,5.7,6.0
75,3,Espanhol,8.0,8.0,9.5
75,3,Artes,8.2,8.0,7.5
75,3,Educação Física,5.0,8.4,8.5
75,3,Saúde e Segurança do Trabalho,6.5,7.3,5.6
75,3,Mineralogia e Petrografia,9.4,7.4,6.7
75,3,Geologia Geral,7.0,5.1,5.1
75,3,Tratamento de Minérios,5.0,4.7,0.0
78,3,Sociologia,8.9,7.5,5.5
78,3,Topografia,5.3,7.0,7.5
78,3,Língua Portuguesa,6.6,8.0,5.8
78,3,Matemática,6.6,6.8,7.5
78,3,Física,2.5,3.0,5.2
78,3,Química,6.0,7.0,8.4
78,3,Biologia,8.8,7.6,7.4
78,3,História,7.0,6.8,8.0
78,3,Geografia,7.0,8.5,6.6
78,3,Inglês,9.1,7.0,8.8
78,3,Filosofia,9.0,7.7,5.6
78,3,Espanhol,9.2,9.5,9.5
78,3,Artes,7.7,7.0,7.5
78,3,Educação Física,9.7,8.8,9.5
78,3,Saúde e Segurança do Trabalho,7.0,6.8,7.2
78,3,Mineralogia e Petrografia,9.3,7.7,8.1
78,3,Geologia Geral,8.0,6.4,7.2
78,3,Tratamento de Minérios,7.0,5.7,0.0
77,3,Sociologia,5.4,6.0,7.0
77,3,Topografia,8.5,9.4,9.2
77,3,Língua Portuguesa,7.5,8.8,7.9
77,3,Matemática,7.0,8.7,9.0
77,3,Física,3.5,3.0,5.0
77,3,Química,6.4,10.0,9.2
77,3,Biologia,8.5,7.8,8.5
77,3,História,9.0,7.0,7.0
77,3,Geografia,7.3,7.7,5.5
77,3,Inglês,6.8,5.8,8.1
77,3,Filosofia,7.8,7.5,8.5
77,3,Espanhol,8.5,8.8,9.5
77,3,Artes,8.2,7.3,9.0
77,3,Educação Física,9.8,9.1,9.5
77,3,Saúde e Segurança do Trabalho,7.5,8.8,8.0
77,3,Mineralogia e Petrografia,9.8,7.3,7.0
77,3,Geologia Geral,8.5,7.5,8.0
77,3,Tratamento de Minérios,8.8,8.0,0.0
70,3,Sociologia,7.3,7.8,6.5
70,3,Topografia,6.5,10.0,6.0
70,3,Língua Portuguesa,8.1,10.0,8.4
70,3,Matemática,8.1,9.0,7.3
70,3,Física,6.5,5.8,6.5
70,3,Química,7.9,7.4,8.1
70,3,Biologia,7.3,8.2,6.6
70,3,História,7.2,9.0,8.5
70,3,Geografia,8.4,7.5,8.0
70,3,Inglês,7.5,9.7,7.8
70,3,Filosofia,8.5,9.2,7.5
70,3,Espanhol,9.0,10.0,9.5
70,3,Artes,8.8,7.0,7.5
70,3,Educação Física,9.9,8.3,9.9
70,3,Saúde e Segurança do Trabalho,7.4,8.0,9.0
70,3,Mineralogia e Petrografia,9.8,8.1,8.2
70,3,Geologia Geral,9.5,7.0,7.8
70,3,Tratamento de Minérios,7.1,7.5,0.0
83,3,Sociologia,6.8,0.0,5.0
83,3,Topografia,3.5,6.0,0.0
83,3,Língua Portuguesa,7.0,3.3,0.0
83,3,Matemática,5.3,5.7,0.0
83,3,Física,2.5,0.0,0.0
83,3,Química,6.4,0.0,0.0
83,3,Biologia,8.6,0.0,0.0
83,3,História,3.8,0.0,4.3
83,3,Geografia,6.0,0.0,0.0
83,3,Inglês,0.0,4.0,0.0
83,3,Filosofia,6.8,0.0,0.0
83,3,Espanhol,9.3,8.0,0.0
83,3,Artes,7.7,0.0,3.5
83,3,Educação Física,9.7,9.0,0.0
83,3,Saúde e Segurança do Trabalho,7.2,7.0,0.0
83,3,Mineralogia e Petrografia,0.0,6.2,0.0
83,3,Geologia Geral,1.0,7.0,0.0
83,3,Tratamento de Minérios,5.5,0.9,0.0
87,3,Sociologia,2.5,4.6,1.5
87,3,Topografia,2.2,5.5,5.4
87,3,Língua Portuguesa,6.3,8.8,5.6
87,3,Matemática,5.1,6.7,5.5
87,3,Física,2.8,2.3,4.5
87,3,Química,5.6,5.2,7.3
87,3,Biologia,6.9,7.2,5.7
87,3,História,8.0,6.5,6.8
87,3,Geografia,2.2,4.2,4.2
87,3,Inglês,7.2,4.2,7.0
87,3,Filosofia,7.5,6.3,6.8
87,3,Espanhol,9.0,8.0,9.5
87,3,Artes,8.2,6.8,7.5
87,3,Educação Física,9.8,7.3,7.5
87,3,Saúde e Segurança do Trabalho,6.1,6.3,9.0
87,3,Mineralogia e Petrografia,8.6,5.3,6.7
87,3,Geologia Geral,8.0,5.0,4.1
87,3,Tratamento de Minérios,3.7,3.3,0.0
85,3,Sociologia,8.8,9.0,8.0
85,3,Topografia,8.7,8.2,9.0
85,3,Língua Portuguesa,7.7,9.3,8.3
85,3,Matemática,7.7,9.0,8.8
85,3,Física,4.3,2.8,5.2
85,3,Química,7.8,8.0,8.7
85,3,Biologia,8.7,8.1,8.0
85,3,História,7.1,8.3,8.8
85,3,Geografia,8.4,8.3,7.0
85,3,Inglês,7.2,9.5,9.5
85,3,Filosofia,8.0,9.3,7.8
85,3,Espanhol,8.0,8.5,9.5
85,3,Artes,10.0,9.3,9.0
85,3,Educação Física,9.7,9.1,9.0
85,3,Saúde e Segurança do Trabalho,7.5,7.8,8.6
85,3,Mineralogia e Petrografia,9.5,9.0,9.0
85,3,Geologia Geral,9.5,7.8,9.2
85,3,Tratamento de Minérios,9.0,7.8,0.0
86,3,Sociologia,8.8,7.9,5.3
86,3,Topografia,6.5,8.0,8.1
86,3,Língua Portuguesa,7.9,8.5,5.6
86,3,Matemática,7.1,6.2,7.3
86,3,Física,8.5,4.0,5.0
86,3,Química,8.1,5.1,7.5
86,3,Biologia,7.8,4.6,6.5
86,3,História,10.0,8.8,7.3
86,3,Geografia,7.8,7.6,7.0
86,3,Inglês,8.4,6.8,7.0
86,3,Filosofia,8.8,7.3,8.5
86,3,Espanhol,9.0,9.0,9.5
86,3,Artes,7.8,8.8,7.5
86,3,Educação Física,9.6,8.9,9.3
86,3,Saúde e Segurança do Trabalho,8.4,6.8,9.1
86,3,Mineralogia e Petrografia,8.3,7.0,7.7
86,3,Geologia Geral,6.5,7.4,8.3
86,3,Tratamento de Minérios,7.4,6.9,0.0
64,3,Sociologia,9.9,9.6,7.3
64,3,Topografia,8.4,8.9,9.0
64,3,Língua Portuguesa,9.3,10.0,7.8
64,3,Matemática,9.0,9.7,9.5
64,3,Física,7.0,8.0,7.7
64,3,Química,9.6,9.0,9.5
64,3,Biologia,10.0,9.6,6.2
64,3,História,8.1,8.5,8.0
64,3,Geografia,9.8,8.5,8.6
64,3,Inglês,8.4,9.6,8.9
64,3,Filosofia,10.0,10.0,10.0
64,3,Espanhol,9.0,9.0,9.5
64,3,Artes,10.0,9.3,9.0
64,3,Educação Física,9.8,8.9,9.5
64,3,Saúde e Segurança do Trabalho,9.8,8.7,9.7
64,3,Mineralogia e Petrografia,9.2,9.2,9.1
64,3,Geologia Geral,10.0,7.5,9.4
64,3,Tratamento de Minérios,8.1,7.7,0.0
140,3,Sociologia,0.0,0.0,0.0
140,3,Topografia,2.9,3.0,0.0
140,3,Língua Portuguesa,5.5,0.0,0.0
140,3,Matemática,2.3,0.0,0.0
140,3,Física,0.0,2.0,0.0
140,3,Química,3.0,0.0,0.0
140,3,Biologia,6.1,2.3,0.0
140,3,História,3.8,0.0,0.0
140,3,Geografia,2.2,0.0,0.0
140,3,Inglês,2.3,0.0,0.0
140,3,Filosofia,6.0,4.0,0.0
140,3,Espanhol,8.4,0.0,0.0
140,3,Artes,6.5,0.0,3.5
140,3,Educação Física,9.7,4.8,0.0
140,3,Saúde e Segurança do Trabalho,4.5,0.0,0.0
140,3,Mineralogia e Petrografia,0.0,0.0,0.0
140,3,Geologia Geral,0.0,1.8,0.0
140,3,Tratamento de Minérios,6.5,0.0,0.0
69,3,Sociologia,0.0,2.5,2.5
69,3,Topografia,2.9,4.2,0.0
69,3,Língua Portuguesa,5.2,2.0,1.5
69,3,Matemática,4.4,2.0,4.8
69,3,Física,1.5,0.2,0.0
69,3,Química,5.8,0.0,7.0
69,3,Biologia,6.6,2.7,0.0
69,3,História,3.6,3.0,4.3
69,3,Geografia,4.4,0.8,0.0
69,3,Inglês,0.0,4.8,0.0
69,3,Filosofia,6.8,0.0,0.0
69,3,Espanhol,8.5,0.0,9.5
69,3,Artes,9.5,0.0,7.5
69,3,Educação Física,9.8,4.8,0.0
69,3,Saúde e Segurança do Trabalho,6.4,0.0,0.0
69,3,Mineralogia e Petrografia,0.0,0.0,0.0
69,3,Geologia Geral,2.5,2.4,0.0
69,3,Tratamento de Minérios,5.0,0.0,0.0
76,3,Sociologia,8.6,7.7,7.5
76,3,Topografia,9.1,7.7,9.4
76,3,Língua Portuguesa,7.7,8.5,8.0
76,3,Matemática,7.4,9.3,7.3
76,3,Física,4.3,3.4,6.3
76,3,Química,7.7,7.7,8.4
76,3,Biologia,9.0,8.2,9.5
76,3,História,10.0,7.0,7.0
76,3,Geografia,8.7,7.3,7.6
76,3,Inglês,7.8,8.7,8.9
76,3,Filosofia,9.3,8.3,7.6
76,3,Espanhol,8.8,10.0,9.5
76,3,Artes,8.2,9.5,7.5
76,3,Educação Física,9.9,8.3,9.6
76,3,Saúde e Segurança do Trabalho,7.9,9.0,7.6
76,3,Mineralogia e Petrografia,9.4,7.9,7.5
76,3,Geologia Geral,9.5,6.3,7.4
76,3,Tratamento de Minérios,9.5,9.6,0.0
59,3,Sociologia,5.6,8.1,8.8
59,3,Topografia,7.5,8.3,7.4
59,3,Língua Portuguesa,8.8,8.8,6.2
59,3,Matemática,7.1,9.0,9.0
59,3,Física,5.8,9.3,5.5
59,3,Química,9.5,8.7,9.5
59,3,Biologia,8.5,8.9,8.0
59,3,História,10.0,7.5,8.0
59,3,Geografia,8.6,7.2,7.2
59,3,Inglês,7.6,7.8,8.9
59,3,Filosofia,8.5,9.3,8.5
59,3,Espanhol,8.4,8.4,9.5
59,3,Artes,10.0,9.0,9.0
59,3,Educação Física,9.6,9.3,9.1
59,3,Saúde e Segurança do Trabalho,8.7,9.1,8.4
59,3,Mineralogia e Petrografia,9.3,8.3,8.6
59,3,Geologia Geral,9.5,7.8,7.9
59,3,Tratamento de Minérios,9.3,6.3,0.0
137,3,Sociologia,3.0,6.1,2.0
137,3,Topografia,0.0,6.6,4.0
137,3,Língua Portuguesa,4.0,4.8,4.8
137,3,Matemática,4.0,4.7,2.7
137,3,Física,3.5,1.0,4.5
137,3,Química,5.0,1.6,6.2
137,3,Biologia,3.6,0.1,4.5
137,3,História,4.9,0.0,6.0
137,3,Geografia,4.5,1.6,4.9
137,3,Inglês,3.3,3.7,3.0
137,3,Filosofia,7.0,0.0,5.9
137,3,Espanhol,8.5,7.0,10.0
137,3,Artes,8.0,8.8,7.5
137,3,Educação Física,9.8,7.4,9.0
137,3,Saúde e Segurança do Trabalho,0.0,6.3,6.1
137,3,Mineralogia e Petrografia,7.0,4.9,4.8
137,3,Geologia Geral,0.0,3.8,4.6
137,3,Tratamento de Minérios,8.0,4.1,0.0
139,3,Sociologia,3.7,5.3,3.8
139,3,Topografia,6.7,7.4,8.2
139,3,Língua Portuguesa,6.2,8.8,5.8
139,3,Matemática,5.9,6.7,5.3
139,3,Física,3.0,2.0,4.7
139,3,Química,7.3,7.8,9.0
139,3,Biologia,9.0,7.6,5.0
139,3,História,3.6,6.5,5.8
139,3,Geografia,7.6,3.3,2.8
139,3,Inglês,7.3,7.0,5.8
139,3,Filosofia,8.3,5.7,4.4
139,3,Espanhol,8.0,7.5,9.5
139,3,Artes,10.0,6.3,7.5
139,3,Educação Física,9.7,6.8,8.6
139,3,Saúde e Segurança do Trabalho,7.7,6.8,6.5
139,3,Mineralogia e Petrografia,9.3,6.7,6.3
139,3,Geologia Geral,10.0,6.2,6.5
139,3,Tratamento de Minérios,8.0,6.3,0.0
50,3,Sociologia,4.8,7.0,3.3
50,3,Topografia,6.5,5.7,7.5
50,3,Língua Portuguesa,6.6,9.3,7.0
50,3,Matemática,7.0,6.3,7.0
50,3,Física,3.5,3.3,6.0
50,3,Química,5.3,6.8,7.3
50,3,Biologia,7.1,7.2,7.4
50,3,História,7.0,5.5,6.5
50,3,Geografia,2.9,6.3,4.9
50,3,Inglês,7.8,5.8,7.0
50,3,Filosofia,9.0,7.0,8.0
50,3,Espanhol,9.0,9.0,10.0
50,3,Artes,8.0,7.8,7.5
50,3,Educação Física,9.9,7.6,8.9
50,3,Saúde e Segurança do Trabalho,5.6,7.0,9.0
50,3,Mineralogia e Petrografia,8.8,7.6,7.3
50,3,Geologia Geral,7.5,5.7,7.0
50,3,Tratamento de Minérios,7.0,5.5,0.0
138,3,Sociologia,5.2,6.0,4.8
138,3,Topografia,4.8,6.2,6.5
138,3,Língua Portuguesa,5.7,7.3,7.8
138,3,Matemática,5.6,6.7,6.5
138,3,Física,2.0,1.0,3.0
138,3,Química,5.4,4.1,7.6
138,3,Biologia,7.1,7.1,5.8
138,3,História,6.0,7.0,8.0
138,3,Geografia,3.9,5.5,5.0
138,3,Inglês,4.4,3.9,5.5
138,3,Filosofia,7.8,6.0,3.8
138,3,Espanhol,8.3,7.5,9.5
138,3,Artes,9.8,8.5,9.0
138,3,Educação Física,9.7,7.8,8.9
138,3,Saúde e Segurança do Trabalho,8.1,7.8,6.5
138,3,Mineralogia e Petrografia,9.2,8.1,7.4
138,3,Geologia Geral,8.0,5.8,7.2
138,3,Tratamento de Minérios,5.8,6.1,0.0
54,3,Sociologia,6.0,6.1,7.5
54,3,Topografia,7.6,7.1,7.0
54,3,Língua Portuguesa,7.9,8.8,5.3
54,3,Matemática,7.6,8.3,7.5
54,3,Física,3.5,3.3,7.0
54,3,Química,7.7,10.0,9.2
54,3,Biologia,8.9,5.0,9.3
54,3,História,9.0,7.5,7.3
54,3,Geografia,6.6,5.5,4.0
54,3,Inglês,7.5,7.0,8.0
54,3,Filosofia,8.0,7.0,7.0
54,3,Espanhol,8.7,8.5,10.0
54,3,Artes,8.5,7.8,7.5
54,3,Educação Física,9.7,8.8,9.1
54,3,Saúde e Segurança do Trabalho,8.5,6.6,8.2
54,3,Mineralogia e Petrografia,7.0,7.4,7.1
54,3,Geologia Geral,8.0,6.0,9.0
54,3,Tratamento de Minérios,6.0,8.4,0.0
67,3,Sociologia,7.9,5.6,6.5
67,3,Topografia,3.1,6.2,5.3
67,3,Língua Portuguesa,7.9,7.8,7.1
67,3,Matemática,4.6,6.7,7.5
67,3,Física,3.3,2.0,3.5
67,3,Química,6.7,5.9,7.6
67,3,Biologia,7.9,4.2,6.1
67,3,História,10.0,6.0,7.8
67,3,Geografia,7.1,4.8,7.9
67,3,Inglês,8.3,7.5,7.0
67,3,Filosofia,8.8,7.3,7.3
67,3,Espanhol,8.7,9.0,9.5
67,3,Artes,10.0,7.5,7.5
67,3,Educação Física,9.6,8.4,9.5
67,3,Saúde e Segurança do Trabalho,7.2,7.8,7.4
67,3,Mineralogia e Petrografia,9.4,7.0,6.3
67,3,Geologia Geral,6.5,4.4,6.8
67,3,Tratamento de Minérios,5.0,3.6,0.0
74,3,Sociologia,5.6,1.0,1.0
74,3,Topografia,3.5,5.6,3.6
74,3,Língua Portuguesa,6.8,6.8,6.7
74,3,Matemática,4.4,5.7,7.0
74,3,Física,1.0,1.8,4.8
74,3,Química,5.9,6.5,5.7
74,3,Biologia,7.1,8.3,2.7
74,3,História,6.0,3.0,5.5
74,3,Geografia,3.0,4.4,3.7
74,3,Inglês,4.9,5.8,7.0
74,3,Filosofia,9.3,5.7,7.0
74,3,Espanhol,9.0,7.0,9.5
74,3,Artes,8.3,5.5,9.0
74,3,Educação Física,9.8,8.1,9.5
74,3,Saúde e Segurança do Trabalho,5.8,6.0,6.2
74,3,Mineralogia e Petrografia,8.3,4.8,6.4
74,3,Geologia Geral,6.0,6.2,6.0
74,3,Tratamento de Minérios,4.5,3.8,0.0
141,3,Sociologia,8.0,5.2,3.0
141,3,Topografia,3.9,4.2,4.0
141,3,Língua Portuguesa,3.1,6.0,5.3
141,3,Matemática,4.6,5.5,5.7
141,3,Física,2.3,2.0,3.0
141,3,Química,6.0,5.2,6.2
141,3,Biologia,0.0,0.5,5.7
141,3,História,8.0,6.8,5.3
141,3,Geografia,0.0,5.2,6.4
141,3,Inglês,6.3,4.1,4.7
141,3,Filosofia,0.0,5.7,8.0
141,3,Espanhol,8.8,6.6,9.5
141,3,Artes,8.0,7.5,7.5
141,3,Educação Física,9.8,7.4,9.5
141,3,Saúde e Segurança do Trabalho,8.1,6.7,7.5
141,3,Mineralogia e Petrografia,8.8,5.5,8.0
141,3,Geologia Geral,6.5,4.0,5.6
141,3,Tratamento de Minérios,6.5,4.7,0.0
142,3,Sociologia,5.6,6.9,5.8
142,3,Topografia,3.8,7.1,7.0
142,3,Língua Portuguesa,7.2,9.1,7.3
142,3,Matemática,4.8,7.0,8.0
142,3,Física,1.3,3.0,3.5
142,3,Química,7.0,6.1,8.7
142,3,Biologia,8.1,7.7,7.8
142,3,História,10.0,7.3,6.5
142,3,Geografia,6.6,5.9,7.4
142,3,Inglês,5.5,3.8,6.6
142,3,Filosofia,7.8,7.0,9.1
142,3,Espanhol,8.9,8.2,9.5
142,3,Artes,7.5,9.8,9.0
142,3,Educação Física,9.7,8.2,8.5
142,3,Saúde e Segurança do Trabalho,8.2,7.4,6.9
142,3,Mineralogia e Petrografia,9.3,7.4,7.8
142,3,Geologia Geral,8.0,7.9,7.0
142,3,Tratamento de Minérios,7.0,5.5,0.0
144,3,Sociologia,3.3,7.6,6.9
144,3,Topografia,5.5,7.0,6.1
144,3,Língua Portuguesa,5.7,7.5,7.7
144,3,Matemática,5.6,6.7,8.0
144,3,Física,2.3,2.8,3.0
144,3,Química,6.6,5.8,9.0
144,3,Biologia,7.2,7.3,6.5
144,3,História,10.0,7.8,6.5
144,3,Geografia,7.8,5.8,6.4
144,3,Inglês,5.0,5.1,6.2
144,3,Filosofia,8.5,9.0,7.3
144,3,Espanhol,8.6,7.5,9.5
144,3,Artes,10.0,10.0,7.5
144,3,Educação Física,9.7,6.8,9.0
144,3,Saúde e Segurança do Trabalho,6.9,7.3,7.5
144,3,Mineralogia e Petrografia,9.2,8.1,7.3
144,3,Geologia Geral,8.0,7.1,6.6
144,3,Tratamento de Minérios,7.0,4.3,0.0
145,3,Sociologia,8.4,5.9,7.5
145,3,Topografia,3.6,5.1,6.3
145,3,Língua Portuguesa,4.8,7.3,6.4
145,3,Matemática,5.8,7.3,8.5
145,3,Física,3.0,2.5,4.8
145,3,Química,6.6,7.0,8.4
145,3,Biologia,8.3,4.2,6.0
145,3,História,9.0,8.8,6.5
145,3,Geografia,4.8,5.8,6.2
145,3,Inglês,0.0,5.0,7.1
145,3,Filosofia,7.3,7.5,6.0
145,3,Espanhol,9.0,7.0,9.5
145,3,Artes,10.0,7.8,9.0
145,3,Educação Física,9.8,7.8,8.0
145,3,Saúde e Segurança do Trabalho,6.7,8.1,6.6
145,3,Mineralogia e Petrografia,10.0,7.4,7.9
145,3,Geologia Geral,8.0,6.1,7.8
145,3,Tratamento de Minérios,8.0,7.3,0.0
146,3,Sociologia,4.0,5.9,3.0
146,3,Topografia,3.0,6.4,4.8
146,3,Língua Portuguesa,5.9,8.5,4.8
146,3,Matemática,5.0,6.2,5.2
146,3,Física,0.0,1.4,3.0
146,3,Química,5.8,6.2,7.3
146,3,Biologia,0.0,6.5,5.7
146,3,História,8.0,7.8,5.0
146,3,Geografia,3.7,4.4,3.6
146,3,Inglês,0.0,4.6,7.0
146,3,Filosofia,7.3,8.3,6.0
146,3,Espanhol,8.9,8.3,9.5
146,3,Artes,8.0,6.5,7.5
146,3,Educação Física,9.7,8.2,8.5
146,3,Saúde e Segurança do Trabalho,5.1,7.1,7.0
146,3,Mineralogia e Petrografia,8.5,5.4,7.1
146,3,Geologia Geral,7.0,5.1,6.0
146,3,Tratamento de Minérios,5.0,4.5,0.0
55,3,Sociologia,9.9,9.6,8.8
55,3,Topografia,7.0,10.0,10.0
55,3,Língua Portuguesa,8.1,10.0,9.8
55,3,Matemática,8.0,9.7,8.8
55,3,Física,9.5,9.8,6.0
55,3,Química,9.8,7.9,9.6
55,3,Biologia,9.9,9.8,9.5
55,3,História,8.7,9.0,9.0
55,3,Geografia,10.0,9.2,10.0
55,3,Inglês,7.7,9.1,8.2
55,3,Filosofia,10.0,10.0,10.0
55,3,Espanhol,9.5,9.4,10.0
55,3,Artes,10.0,8.5,9.0
55,3,Educação Física,9.7,9.2,9.5
55,3,Saúde e Segurança do Trabalho,10.0,9.8,8.8
55,3,Mineralogia e Petrografia,9.8,9.8,8.9
55,3,Geologia Geral,10.0,8.4,9.5
55,3,Tratamento de Minérios,9.1,8.7,0.0
81,3,Sociologia,9.3,8.6,8.0
81,3,Topografia,10.0,8.6,10.0
81,3,Língua Portuguesa,7.7,9.5,7.7
81,3,Matemática,7.7,9.3,7.8
81,3,Física,4.3,7.5,7.8
81,3,Química,8.6,7.9,10.0
81,3,Biologia,9.2,9.6,8.8
81,3,História,7.6,9.3,8.3
81,3,Geografia,8.8,7.8,8.2
81,3,Inglês,8.2,7.8,8.9
81,3,Filosofia,9.5,9.7,8.9
81,3,Espanhol,9.3,10.0,9.5
81,3,Artes,8.5,10.0,7.5
81,3,Educação Física,9.6,8.1,9.6
81,3,Saúde e Segurança do Trabalho,7.8,9.3,9.7
81,3,Mineralogia e Petrografia,9.8,8.9,9.2
81,3,Geologia Geral,9.5,8.0,9.7
81,3,Tratamento de Minérios,7.5,9.3,0.0
88,3,Sociologia,4.2,0.0,0.0
88,3,Topografia,2.7,0.0,0.0
88,3,Língua Portuguesa,4.6,0.0,0.0
88,3,Matemática,4.5,0.0,0.0
88,3,Física,0.5,0.0,0.0
88,3,Química,0.0,0.0,0.0
88,3,Biologia,0.0,0.5,0.0
88,3,História,3.1,4.3,4.3
88,3,Geografia,2.2,0.0,0.0
88,3,Inglês,0.0,0.0,0.0
88,3,Filosofia,0.0,0.0,0.0
88,3,Espanhol,9.0,0.0,0.0
88,3,Artes,10.0,0.0,7.5
88,3,Educação Física,0.0,4.8,0.0
88,3,Saúde e Segurança do Trabalho,2.8,0.0,0.0
88,3,Mineralogia e Petrografia,0.0,0.0,1.4
88,3,Geologia Geral,0.0,0.0,0.0
88,3,Tratamento de Minérios,1.3,0.0,0.0
57,3,Sociologia,7.7,7.3,8.5
57,3,Topografia,4.7,10.0,7.3
57,3,Língua Portuguesa,9.1,9.3,8.7
57,3,Matemática,7.6,8.3,7.5
57,3,Física,5.8,2.8,6.3
57,3,Química,7.3,8.4,8.2
57,3,Biologia,8.6,8.6,8.4
57,3,História,8.3,9.3,8.8
57,3,Geografia,9.8,8.0,9.4
57,3,Inglês,7.8,9.2,7.6
57,3,Filosofia,9.5,8.3,8.5
57,3,Espanhol,8.8,9.5,9.5
57,3,Artes,9.8,9.3,7.5
57,3,Educação Física,9.8,8.9,9.5
57,3,Saúde e Segurança do Trabalho,8.1,9.0,8.2
57,3,Mineralogia e Petrografia,8.3,7.0,7.1
57,3,Geologia Geral,9.0,6.5,7.2
57,3,Tratamento de Minérios,7.0,4.6,0.0
51,3,Sociologia,8.3,8.3,5.0
51,3,Topografia,5.3,7.8,8.0
51,3,Língua Portuguesa,8.0,9.0,7.7
51,3,Matemática,8.3,9.3,10.0
51,3,Física,5.5,4.3,6.0
51,3,Química,8.6,7.7,8.1
51,3,Biologia,8.3,8.5,9.0
51,3,História,8.7,7.5,6.3
51,3,Geografia,9.1,8.6,7.0
51,3,Inglês,7.6,5.8,7.5
51,3,Filosofia,9.3,8.3,6.3
51,3,Espanhol,8.5,8.8,9.5
51,3,Artes,9.8,8.8,7.5
51,3,Educação Física,9.6,9.0,9.6
51,3,Saúde e Segurança do Trabalho,8.5,8.2,8.8
51,3,Mineralogia e Petrografia,9.8,8.6,8.3
51,3,Geologia Geral,9.0,6.0,7.2
51,3,Tratamento de Minérios,8.1,6.2,0.0
73,3,Sociologia,5.9,6.0,8.1
73,3,Topografia,4.8,7.2,8.8
73,3,Língua Portuguesa,7.9,8.5,7.3
73,3,Matemática,6.3,7.3,8.5
73,3,Física,2.8,2.0,5.0
73,3,Química,7.0,7.4,7.3
73,3,Biologia,8.3,5.5,8.5
73,3,História,9.0,6.3,7.5
73,3,Geografia,6.0,6.6,7.1
73,3,Inglês,7.3,8.0,8.6
73,3,Filosofia,8.8,7.2,6.8
73,3,Espanhol,8.5,8.3,9.5
73,3,Artes,9.7,7.0,9.0
73,3,Educação Física,9.7,7.9,8.9
73,3,Saúde e Segurança do Trabalho,7.3,6.2,7.6
73,3,Mineralogia e Petrografia,8.0,7.1,8.1
73,3,Geologia Geral,8.0,4.6,7.2
73,3,Tratamento de Minérios,7.0,4.6,0.0
66,3,Sociologia,7.7,7.0,7.8
66,3,Topografia,7.1,7.4,4.2
66,3,Língua Portuguesa,7.1,8.3,5.0
66,3,Matemática,6.9,6.7,7.0
66,3,Física,2.5,1.5,3.0
66,3,Química,6.9,8.0,7.9
66,3,Biologia,7.8,4.7,6.9
66,3,História,10.0,6.8,8.3
66,3,Geografia,6.0,5.1,7.5
66,3,Inglês,8.3,6.8,7.0
66,3,Filosofia,7.5,8.0,6.8
66,3,Espanhol,8.5,7.5,9.5
66,3,Artes,8.0,9.5,9.0
66,3,Educação Física,9.8,8.0,9.0
66,3,Saúde e Segurança do Trabalho,9.6,7.8,8.5
66,3,Mineralogia e Petrografia,9.8,7.0,7.2
66,3,Geologia Geral,7.5,7.2,6.0
66,3,Tratamento de Minérios,7.5,5.2,0.0
71,3,Sociologia,8.4,8.3,8.5
71,3,Topografia,5.2,7.3,7.9
71,3,Língua Portuguesa,7.6,9.3,8.4
71,3,Matemática,7.7,7.0,7.5
71,3,Física,6.8,3.3,7.8
71,3,Química,8.4,7.1,8.1
71,3,Biologia,8.2,7.8,7.9
71,3,História,7.1,8.0,7.8
71,3,Geografia,8.0,9.2,7.0
71,3,Inglês,7.5,9.6,7.1
71,3,Filosofia,8.8,8.7,10.0
71,3,Espanhol,8.8,9.7,9.5
71,3,Artes,10.0,10.0,9.0
71,3,Educação Física,9.8,8.4,9.7
71,3,Saúde e Segurança do Trabalho,8.5,7.2,7.8
71,3,Mineralogia e Petrografia,8.3,7.0,7.6
71,3,Geologia Geral,9.5,6.5,7.5
71,3,Tratamento de Minérios,9.0,7.8,0.0
84,3,Sociologia,8.9,7.6,8.8
84,3,Topografia,7.0,9.2,9.7
84,3,Língua Portuguesa,8.3,9.5,6.3
84,3,Matemática,7.0,9.3,7.2
84,3,Física,6.0,8.8,7.5
84,3,Química,7.8,8.8,8.4
84,3,Biologia,8.9,8.9,8.8
84,3,História,7.4,9.3,7.8
84,3,Geografia,7.9,8.6,9.6
84,3,Inglês,9.0,8.2,8.9
84,3,Filosofia,9.3,9.3,8.1
84,3,Espanhol,9.1,8.5,9.5
84,3,Artes,10.0,9.3,7.5
84,3,Educação Física,9.8,8.9,9.6
84,3,Saúde e Segurança do Trabalho,7.5,9.3,10.0
84,3,Mineralogia e Petrografia,9.2,9.3,8.2
84,3,Geologia Geral,9.0,7.6,9.0
84,3,Tratamento de Minérios,9.5,7.5,0.0
62,3,Sociologia,5.7,5.8,6.8
62,3,Topografia,3.0,3.9,7.1
62,3,Língua Portuguesa,6.4,7.0,6.9
62,3,Matemática,4.5,6.7,7.5
62,3,Física,1.8,2.8,5.0
62,3,Química,6.5,7.1,7.9
62,3,Biologia,0.0,7.2,7.6
62,3,História,8.0,6.8,7.5
62,3,Geografia,4.6,4.8,5.7
62,3,Inglês,3.6,4.5,3.7
62,3,Filosofia,1.6,5.2,7.5
62,3,Espanhol,8.6,9.0,9.5
62,3,Artes,9.7,7.5,7.5
62,3,Educação Física,9.7,8.4,9.2
62,3,Saúde e Segurança do Trabalho,5.8,6.8,8.0
62,3,Mineralogia e Petrografia,7.0,3.9,9.6
62,3,Geologia Geral,9.0,4.0,6.9
62,3,Tratamento de Minérios,6.5,4.0,0.0
143,3,Sociologia,8.1,6.0,7.5
143,3,Topografia,6.3,8.8,8.5
143,3,Língua Portuguesa,7.3,9.8,8.0
143,3,Matemática,7.0,7.3,6.2
143,3,Física,5.8,4.3,7.3
143,3,Química,7.5,7.8,8.4
143,3,Biologia,8.9,8.1,6.7
143,3,História,7.2,7.0,6.0
143,3,Geografia,8.5,7.1,8.6
143,3,Inglês,5.1,5.2,7.8
143,3,Filosofia,7.8,9.0,7.6
143,3,Espanhol,8.9,8.6,9.5
143,3,Artes,10.0,8.5,7.5
143,3,Educação Física,9.8,8.2,8.3
143,3,Saúde e Segurança do Trabalho,7.8,7.2,8.3
143,3,Mineralogia e Petrografia,9.6,8.6,8.2
143,3,Geologia Geral,8.5,8.1,7.9
143,3,Tratamento de Minérios,7.8,7.8,0.0
147,3,Sociologia,4.7,6.9,7.5
147,3,Topografia,2.6,5.4,6.0
147,3,Língua Portuguesa,6.8,7.0,5.9
147,3,Matemática,5.1,7.8,7.5
147,3,Física,2.5,2.3,4.5
147,3,Química,6.6,6.5,6.5
147,3,Biologia,7.4,5.5,6.5
147,3,História,4.9,6.8,5.8
147,3,Geografia,4.0,2.9,3.8
147,3,Inglês,3.7,4.0,5.6
147,3,Filosofia,8.0,5.5,6.0
147,3,Espanhol,8.8,7.0,9.5
147,3,Artes,7.7,8.0,7.5
147,3,Educação Física,9.7,8.5,8.5
147,3,Saúde e Segurança do Trabalho,5.6,6.5,6.3
147,3,Mineralogia e Petrografia,9.8,7.0,7.0
147,3,Geologia Geral,8.0,6.1,5.5
147,3,Tratamento de Minérios,7.0,7.0,0.0
82,3,Sociologia,0.0,3.4,3.8
82,3,Topografia,0.0,5.8,0.0
82,3,Língua Portuguesa,7.5,5.8,0.0
82,3,Matemática,8.0,5.7,0.0
82,3,Física,0.0,0.0,0.0
82,3,Química,0.0,0.0,0.0
82,3,Biologia,0.0,2.7,0.0
82,3,História,1.0,0.0,4.3
82,3,Geografia,0.0,1.6,0.0
82,3,Inglês,0.0,4.6,0.0
82,3,Filosofia,0.0,0.0,0.0
82,3,Espanhol,0.0,0.0,0.0
82,3,Artes,0.0,0.0,3.5
82,3,Educação Física,9.6,4.8,0.0
82,3,Saúde e Segurança do Trabalho,0.0,6.6,0.0
82,3,Mineralogia e Petrografia,0.0,6.6,0.0
82,3,Geologia Geral,1.0,1.7,0.0
82,3,Tratamento de Minérios,0.0,0.0,0.0
89,4,Língua Portuguesa,7.5,9.0,7.0
89,4,Artes,9.2,8.8,9.5
89,4,Inglês,7.9,7.3,7.5
89,4,Espanhol,9.5,9.5,10.0
89,4,Educação Física,9.8,8.3,10.0
89,4,Matemática,5.8,5.7,8.3
89,4,Biologia,6.1,10.0,8.8
89,4,Física,3.0,2.8,4.5
89,4,Química,5.1,8.8,9.0
89,4,História,6.0,5.8,7.5
89,4,Geografia,7.3,6.1,6.7
89,4,Filosofia,8.3,9.7,7.1
89,4,Sociologia,5.7,7.3,8.0
89,4,Ecoeficiência,9.5,8.0,8.0
89,4,Administração Geral,7.9,9.0,7.8
89,4,Aspectos Legais da Administração,7.0,8.0,7.3
89,4,Gestão de Arquivos e Documentação,6.0,7.5,9.0
89,4,Tópicos de Atuação Profissional,5.3,10.0,9.5
103,4,Língua Portuguesa,8.0,10.0,9.5
103,4,Artes,9.3,9.5,9.5
103,4,Inglês,8.5,8.5,7.0
103,4,Espanhol,9.3,9.5,10.0
103,4,Educação Física,9.7,9.5,10.0
103,4,Matemática,8.1,7.8,7.7
103,4,Biologia,8.0,9.4,8.1
103,4,Física,8.0,6.0,6.0
103,4,Química,9.1,10.0,9.6
103,4,História,6.0,7.3,7.0
103,4,Geografia,8.2,8.0,7.8
103,4,Filosofia,9.8,8.0,7.8
103,4,Sociologia,6.7,7.9,8.5
103,4,Ecoeficiência,8.4,8.5,8.0
103,4,Administração Geral,7.8,9.5,8.3
103,4,Aspectos Legais da Administração,8.1,7.4,7.8
103,4,Gestão de Arquivos e Documentação,9.3,8.0,9.5
103,4,Tópicos de Atuação Profissional,7.0,9.8,8.5
91,4,Língua Portuguesa,10.0,10.0,10.0
91,4,Artes,9.2,9.5,9.5
91,4,Inglês,6.8,7.1,8.0
91,4,Espanhol,10.0,9.8,10.0
91,4,Educação Física,9.8,9.7,10.0
91,4,Matemática,7.8,8.8,8.0
91,4,Biologia,8.1,10.0,8.3
91,4,Física,7.5,6.3,4.5
91,4,Química,8.0,9.7,10.0
91,4,História,0.0,8.0,10.0
91,4,Geografia,9.0,7.5,9.7
91,4,Filosofia,10.0,9.7,8.1
91,4,Sociologia,9.1,7.4,8.8
91,4,Ecoeficiência,10.0,9.5,8.0
91,4,Administração Geral,9.7,9.5,9.5
91,4,Aspectos Legais da Administração,9.5,8.4,8.0
91,4,Gestão de Arquivos e Documentação,10.0,9.0,10.0
91,4,Tópicos de Atuação Profissional,9.5,9.5,10.0
124,4,Língua Portuguesa,8.5,10.0,9.0
124,4,Artes,9.2,9.5,9.5
124,4,Inglês,7.9,8.4,7.3
124,4,Espanhol,9.0,9.7,10.0
124,4,Educação Física,9.8,9.2,10.0
124,4,Matemática,7.1,8.8,7.7
124,4,Biologia,8.1,10.0,8.5
124,4,Física,7.0,5.0,6.0
124,4,Química,9.2,10.0,9.0
124,4,História,0.0,8.3,7.5
124,4,Geografia,9.6,5.5,8.6
124,4,Filosofia,10.0,9.3,8.5
124,4,Sociologia,9.6,8.0,8.5
124,4,Ecoeficiência,10.0,10.0,9.0
124,4,Administração Geral,8.6,9.4,7.3
124,4,Aspectos Legais da Administração,10.0,7.7,8.1
124,4,Gestão de Arquivos e Documentação,8.3,9.5,10.0
124,4,Tópicos de Atuação Profissional,8.8,8.0,10.0
112,4,Língua Portuguesa,8.0,10.0,9.0
112,4,Artes,9.2,9.3,9.5
112,4,Inglês,8.1,9.6,8.7
112,4,Espanhol,8.7,10.0,10.0
112,4,Educação Física,9.8,9.3,10.0
112,4,Matemática,8.8,9.7,7.8
112,4,Biologia,8.2,9.7,9.0
112,4,Física,7.5,7.0,8.5
112,4,Química,8.7,10.0,10.0
112,4,História,0.0,8.8,8.3
112,4,Geografia,9.1,8.7,7.2
112,4,Filosofia,10.0,9.7,7.4
112,4,Sociologia,9.3,9.0,8.8
112,4,Ecoeficiência,9.6,10.0,7.0
112,4,Administração Geral,9.1,9.8,8.8
112,4,Aspectos Legais da Administração,9.8,9.8,8.5
112,4,Gestão de Arquivos e Documentação,8.5,9.0,10.0
112,4,Tópicos de Atuação Profissional,9.0,8.0,10.0
90,4,Língua Portuguesa,8.0,8.5,3.0
90,4,Artes,9.3,8.5,9.5
90,4,Inglês,4.4,5.2,4.2
90,4,Espanhol,9.5,7.3,10.0
90,4,Educação Física,9.5,8.4,7.0
90,4,Matemática,4.8,6.2,5.0
90,4,Biologia,6.3,8.4,6.4
90,4,Física,1.5,2.0,4.8
90,4,Química,5.9,6.8,7.0
90,4,História,8.0,7.0,6.0
90,4,Geografia,4.1,1.6,4.6
90,4,Filosofia,9.3,8.3,7.5
90,4,Sociologia,5.7,6.3,3.8
90,4,Ecoeficiência,6.0,10.0,7.4
90,4,Administração Geral,7.6,6.6,7.5
90,4,Aspectos Legais da Administração,8.0,6.0,0.6
90,4,Gestão de Arquivos e Documentação,6.5,3.5,5.0
90,4,Tópicos de Atuação Profissional,6.5,9.0,7.5
96,4,Língua Portuguesa,8.0,7.0,6.0
96,4,Artes,8.3,8.8,9.5
96,4,Inglês,5.1,4.2,7.0
96,4,Espanhol,9.3,8.0,10.0
96,4,Educação Física,9.7,9.3,10.0
96,4,Matemática,5.7,6.7,7.0
96,4,Biologia,7.7,8.2,8.4
96,4,Física,2.3,2.8,3.8
96,4,Química,7.0,6.5,7.9
96,4,História,5.0,7.0,6.0
96,4,Geografia,6.7,3.6,5.6
96,4,Filosofia,8.3,8.7,6.3
96,4,Sociologia,5.3,7.2,7.5
96,4,Ecoeficiência,8.4,10.0,7.0
96,4,Administração Geral,8.0,9.5,8.0
96,4,Aspectos Legais da Administração,9.7,9.0,6.8
96,4,Gestão de Arquivos e Documentação,7.0,5.5,5.0
96,4,Tópicos de Atuação Profissional,7.5,8.0,8.0
93,4,Língua Portuguesa,8.0,8.0,5.0
93,4,Artes,9.2,8.5,9.5
93,4,Inglês,4.2,5.2,7.0
93,4,Espanhol,9.8,7.5,10.0
93,4,Educação Física,9.8,9.2,10.0
93,4,Matemática,3.9,5.5,7.8
93,4,Biologia,5.4,9.9,7.4
93,4,Física,1.5,1.0,5.3
93,4,Química,7.0,6.0,8.7
93,4,História,6.0,6.0,6.5
93,4,Geografia,4.1,4.6,6.6
93,4,Filosofia,7.5,7.0,7.1
93,4,Sociologia,4.4,7.3,7.5
93,4,Ecoeficiência,7.5,9.0,7.9
93,4,Administração Geral,6.6,8.5,5.0
93,4,Aspectos Legais da Administração,7.0,4.0,3.9
93,4,Gestão de Arquivos e Documentação,6.0,6.0,8.0
93,4,Tópicos de Atuação Profissional,4.3,6.0,9.0
95,4,Língua Portuguesa,8.0,9.0,6.0
95,4,Artes,8.3,9.0,9.5
95,4,Inglês,6.4,5.3,7.0
95,4,Espanhol,9.0,8.0,10.0
95,4,Educação Física,9.8,9.0,10.0
95,4,Matemática,5.6,6.7,6.3
95,4,Biologia,7.2,9.2,7.3
95,4,Física,3.2,3.8,4.8
95,4,Química,6.3,8.3,8.5
95,4,História,4.0,6.5,5.5
95,4,Geografia,8.1,5.4,5.6
95,4,Filosofia,9.3,8.7,6.0
95,4,Sociologia,7.6,6.4,5.5
95,4,Ecoeficiência,7.2,10.0,7.0
95,4,Administração Geral,8.1,7.3,8.0
95,4,Aspectos Legais da Administração,7.6,8.0,4.0
95,4,Gestão de Arquivos e Documentação,6.8,7.0,8.5
95,4,Tópicos de Atuação Profissional,4.8,7.3,8.0
94,4,Língua Portuguesa,7.0,7.5,5.0
94,4,Artes,9.7,7.0,9.5
94,4,Inglês,0.0,2.5,7.0
94,4,Espanhol,8.5,7.0,10.0
94,4,Educação Física,9.7,8.9,8.5
94,4,Matemática,6.3,7.3,8.5
94,4,Biologia,6.4,7.7,7.0
94,4,Física,2.5,2.5,4.0
94,4,Química,4.7,6.3,7.5
94,4,História,4.0,4.8,7.0
94,4,Geografia,3.1,3.6,5.0
94,4,Filosofia,7.3,5.3,5.3
94,4,Sociologia,3.4,7.6,4.5
94,4,Ecoeficiência,6.0,5.0,9.0
94,4,Administração Geral,4.0,7.0,4.5
94,4,Aspectos Legais da Administração,8.0,5.5,2.5
94,4,Gestão de Arquivos e Documentação,4.8,6.5,4.5
94,4,Tópicos de Atuação Profissional,5.5,6.5,7.0
99,4,Língua Portuguesa,9.0,9.0,8.0
99,4,Artes,9.2,8.8,9.5
99,4,Inglês,7.7,6.9,7.0
99,4,Espanhol,8.8,8.5,10.0
99,4,Educação Física,9.7,8.8,9.5
99,4,Matemática,8.1,9.2,7.0
99,4,Biologia,7.9,8.6,7.3
99,4,Física,3.5,3.0,5.0
99,4,Química,7.7,9.3,9.0
99,4,História,6.0,7.5,8.3
99,4,Geografia,8.7,7.1,7.2
99,4,Filosofia,8.8,9.0,6.8
99,4,Sociologia,6.0,6.9,8.8
99,4,Ecoeficiência,9.0,10.0,9.0
99,4,Administração Geral,9.0,6.8,7.5
99,4,Aspectos Legais da Administração,8.0,9.0,6.3
99,4,Gestão de Arquivos e Documentação,8.5,7.0,10.0
99,4,Tópicos de Atuação Profissional,7.8,9.5,10.0
100,4,Língua Portuguesa,7.5,8.0,6.0
100,4,Artes,8.7,9.0,9.3
100,4,Inglês,4.6,5.1,7.0
100,4,Espanhol,9.8,8.8,10.0
100,4,Educação Física,9.4,8.5,9.5
100,4,Matemática,5.4,6.3,8.3
100,4,Biologia,6.6,8.2,6.5
100,4,Física,2.0,2.5,4.8
100,4,Química,7.0,4.8,9.6
100,4,História,6.0,6.0,8.3
100,4,Geografia,5.9,3.9,5.8
100,4,Filosofia,8.3,7.0,4.1
100,4,Sociologia,4.8,5.8,5.3
100,4,Ecoeficiência,8.4,7.0,5.8
100,4,Administração Geral,5.5,9.0,7.5
100,4,Aspectos Legais da Administração,8.0,8.0,6.3
100,4,Gestão de Arquivos e Documentação,6.0,4.0,8.0
100,4,Tópicos de Atuação Profissional,6.8,7.0,8.0
102,4,Língua Portuguesa,9.0,8.0,6.5
102,4,Artes,8.3,8.8,9.5
102,4,Inglês,5.7,8.3,7.0
102,4,Espanhol,9.2,7.5,10.0
102,4,Educação Física,9.8,9.3,10.0
102,4,Matemática,7.1,5.7,5.3
102,4,Biologia,7.5,8.0,8.3
102,4,Física,5.0,3.5,5.8
102,4,Química,8.1,7.2,7.7
102,4,História,4.0,6.3,5.3
102,4,Geografia,3.9,2.8,6.9
102,4,Filosofia,9.5,8.0,6.4
102,4,Sociologia,8.3,6.3,6.0
102,4,Ecoeficiência,8.4,7.0,9.1
102,4,Administração Geral,8.0,6.8,8.5
102,4,Aspectos Legais da Administração,9.4,7.5,3.8
102,4,Gestão de Arquivos e Documentação,6.0,7.0,10.0
102,4,Tópicos de Atuação Profissional,7.0,8.0,10.0
98,4,Língua Portuguesa,8.5,4.0,3.5
98,4,Artes,9.2,5.0,8.5
98,4,Inglês,5.7,4.8,4.9
98,4,Espanhol,9.3,8.5,10.0
98,4,Educação Física,9.5,8.9,9.0
98,4,Matemática,6.5,4.7,2.3
98,4,Biologia,5.7,6.4,6.0
98,4,Física,4.0,1.5,4.8
98,4,Química,7.5,1.8,7.8
98,4,História,6.0,6.3,4.5
98,4,Geografia,9.8,4.5,5.2
98,4,Filosofia,8.0,4.3,4.5
98,4,Sociologia,1.0,1.0,5.0
98,4,Ecoeficiência,8.0,6.0,7.4
98,4,Administração Geral,6.0,4.0,6.5
98,4,Aspectos Legais da Administração,7.0,8.0,1.0
98,4,Gestão de Arquivos e Documentação,6.5,6.5,7.5
98,4,Tópicos de Atuação Profissional,5.8,6.0,7.5
108,4,Língua Portuguesa,7.5,8.0,7.0
108,4,Artes,9.7,8.3,9.5
108,4,Inglês,4.0,4.0,7.0
108,4,Espanhol,8.7,8.0,10.0
108,4,Educação Física,9.8,8.7,9.5
108,4,Matemática,6.2,6.3,7.5
108,4,Biologia,7.2,7.9,6.0
108,4,Física,5.5,2.0,5.3
108,4,Química,5.6,6.8,9.1
108,4,História,6.0,5.3,5.8
108,4,Geografia,4.5,4.2,8.1
108,4,Filosofia,8.5,7.7,6.4
108,4,Sociologia,5.4,7.4,6.0
108,4,Ecoeficiência,8.0,6.0,8.0
108,4,Administração Geral,6.5,7.5,7.5
108,4,Aspectos Legais da Administração,9.5,9.0,3.4
108,4,Gestão de Arquivos e Documentação,7.0,8.0,5.5
108,4,Tópicos de Atuação Profissional,6.0,7.0,8.0
104,4,Língua Portuguesa,8.0,7.5,6.0
104,4,Artes,9.7,7.5,9.5
104,4,Inglês,5.5,5.9,7.0
104,4,Espanhol,8.5,7.3,10.0
104,4,Educação Física,9.8,9.4,9.5
104,4,Matemática,7.7,5.2,7.5
104,4,Biologia,6.9,10.0,6.4
104,4,Física,4.5,2.0,6.0
104,4,Química,9.0,3.9,9.0
104,4,História,8.0,7.3,8.3
104,4,Geografia,7.8,6.3,7.0
104,4,Filosofia,9.5,7.3,5.9
104,4,Sociologia,6.8,7.2,6.8
104,4,Ecoeficiência,7.2,7.0,9.0
104,4,Administração Geral,8.0,8.3,7.3
104,4,Aspectos Legais da Administração,8.4,7.0,4.9
104,4,Gestão de Arquivos e Documentação,7.8,7.0,7.5
104,4,Tópicos de Atuação Profissional,7.5,7.0,8.0
106,4,Língua Portuguesa,10.0,10.0,9.5
106,4,Artes,9.7,9.8,9.5
106,4,Inglês,7.8,8.1,7.1
106,4,Espanhol,8.9,8.8,10.0
106,4,Educação Física,9.7,9.3,10.0
106,4,Matemática,6.5,6.3,7.0
106,4,Biologia,6.7,10.0,9.3
106,4,Física,3.5,3.5,5.5
106,4,Química,6.2,7.4,9.8
106,4,História,8.0,6.3,6.0
106,4,Geografia,7.8,6.1,7.1
106,4,Filosofia,9.3,9.0,6.1
106,4,Sociologia,8.0,6.7,8.0
106,4,Ecoeficiência,8.4,7.0,7.4
106,4,Administração Geral,8.4,6.9,9.0
106,4,Aspectos Legais da Administração,9.5,9.0,8.3
106,4,Gestão de Arquivos e Documentação,7.3,6.0,10.0
106,4,Tópicos de Atuação Profissional,7.5,10.0,9.0
113,4,Língua Portuguesa,8.0,8.5,8.0
113,4,Artes,9.2,9.0,9.5
113,4,Inglês,7.7,5.7,7.0
113,4,Espanhol,9.1,9.5,10.0
113,4,Educação Física,9.7,8.5,9.5
113,4,Matemática,7.1,8.5,7.8
113,4,Biologia,7.0,8.4,8.0
113,4,Física,4.5,2.0,5.0
113,4,Química,8.4,9.0,10.0
113,4,História,6.0,6.5,6.8
113,4,Geografia,8.4,7.0,6.1
113,4,Filosofia,8.5,7.7,5.9
113,4,Sociologia,8.2,7.3,7.5
113,4,Ecoeficiência,9.0,8.5,8.0
113,4,Administração Geral,8.5,7.0,7.0
113,4,Aspectos Legais da Administração,7.3,8.0,6.0
113,4,Gestão de Arquivos e Documentação,7.0,7.0,10.0
113,4,Tópicos de Atuação Profissional,6.0,8.5,10.0
110,4,Língua Portuguesa,7.0,7.0,8.5
110,4,Artes,9.2,8.3,9.5
110,4,Inglês,5.2,1.9,7.0
110,4,Espanhol,9.3,9.0,10.0
110,4,Educação Física,9.7,9.5,9.0
110,4,Matemática,5.8,6.3,6.5
110,4,Biologia,6.9,5.0,7.2
110,4,Física,2.8,2.5,4.5
110,4,Química,6.8,5.6,8.7
110,4,História,6.0,6.0,6.3
110,4,Geografia,4.2,4.6,5.6
110,4,Filosofia,8.5,7.0,7.0
110,4,Sociologia,7.3,5.6,5.0
110,4,Ecoeficiência,5.4,9.0,9.0
110,4,Administração Geral,9.0,7.5,7.0
110,4,Aspectos Legais da Administração,8.1,6.0,5.5
110,4,Gestão de Arquivos e Documentação,7.8,7.0,7.5
110,4,Tópicos de Atuação Profissional,6.0,9.0,8.0
115,4,Língua Portuguesa,9.0,9.5,9.0
115,4,Artes,9.2,9.8,9.5
115,4,Inglês,7.8,7.6,7.0
115,4,Espanhol,9.0,10.0,10.0
115,4,Educação Física,9.8,9.5,10.0
115,4,Matemática,6.8,6.7,8.0
115,4,Biologia,8.6,10.0,8.2
115,4,Física,3.0,2.0,4.5
115,4,Química,8.1,9.3,8.9
115,4,História,6.0,7.0,6.3
115,4,Geografia,7.8,6.6,5.0
115,4,Filosofia,9.0,9.3,8.0
115,4,Sociologia,8.9,7.8,8.0
115,4,Ecoeficiência,9.6,7.5,8.0
115,4,Administração Geral,8.8,7.5,7.8
115,4,Aspectos Legais da Administração,9.9,8.4,7.4
115,4,Gestão de Arquivos e Documentação,6.5,8.0,9.5
115,4,Tópicos de Atuação Profissional,7.0,9.0,8.5
123,4,Língua Portuguesa,10.0,10.0,9.5
123,4,Artes,9.2,9.5,9.5
123,4,Inglês,0.0,7.9,8.4
123,4,Espanhol,8.5,9.5,10.0
123,4,Educação Física,9.7,9.8,10.0
123,4,Matemática,8.7,10.0,9.7
123,4,Biologia,8.5,10.0,9.3
123,4,Física,8.5,9.3,8.0
123,4,Química,9.0,9.1,10.0
123,4,História,0.0,8.5,8.3
123,4,Geografia,9.0,9.8,8.6
123,4,Filosofia,10.0,9.3,9.3
123,4,Sociologia,9.0,8.5,8.8
123,4,Ecoeficiência,10.0,9.0,7.0
123,4,Administração Geral,10.0,10.0,9.0
123,4,Aspectos Legais da Administração,10.0,7.9,9.5
123,4,Gestão de Arquivos e Documentação,8.0,8.0,10.0
123,4,Tópicos de Atuação Profissional,8.0,10.0,10.0
111,4,Língua Portuguesa,9.0,9.5,8.5
111,4,Artes,9.7,9.0,9.5
111,4,Inglês,7.2,5.4,7.0
111,4,Espanhol,9.0,7.0,10.0
111,4,Educação Física,9.8,9.2,9.3
111,4,Matemática,7.4,7.8,7.5
111,4,Biologia,7.8,10.0,9.0
111,4,Física,3.0,5.0,4.0
111,4,Química,8.4,7.6,9.4
111,4,História,6.0,7.3,7.5
111,4,Geografia,7.9,8.4,7.0
111,4,Filosofia,9.3,8.0,4.6
111,4,Sociologia,7.5,7.4,8.8
111,4,Ecoeficiência,9.6,10.0,9.0
111,4,Administração Geral,8.0,7.0,8.0
111,4,Aspectos Legais da Administração,8.7,8.0,7.5
111,4,Gestão de Arquivos e Documentação,7.5,8.5,9.5
111,4,Tópicos de Atuação Profissional,7.5,9.3,9.0
107,4,Língua Portuguesa,9.5,10.0,8.5
107,4,Artes,9.3,9.5,9.5
107,4,Inglês,7.4,7.8,7.1
107,4,Espanhol,9.5,8.3,10.0
107,4,Educação Física,9.8,9.0,10.0
107,4,Matemática,7.0,7.2,7.5
107,4,Biologia,7.9,8.3,8.0
107,4,Física,3.5,2.5,7.3
107,4,Química,7.9,8.3,9.3
107,4,História,6.0,8.8,7.0
107,4,Geografia,8.0,8.3,7.3
107,4,Filosofia,9.5,9.3,8.1
107,4,Sociologia,9.5,6.5,8.5
107,4,Ecoeficiência,8.4,10.0,9.0
107,4,Administração Geral,8.5,8.8,7.8
107,4,Aspectos Legais da Administração,8.6,8.4,7.3
107,4,Gestão de Arquivos e Documentação,8.5,8.0,9.0
107,4,Tópicos de Atuação Profissional,6.8,7.5,8.5
148,4,Língua Portuguesa,8.5,8.5,7.0
148,4,Artes,8.3,8.5,9.5
148,4,Inglês,5.8,6.4,7.0
148,4,Espanhol,9.3,8.5,10.0
148,4,Educação Física,9.8,9.2,9.5
148,4,Matemática,5.4,7.0,9.0
148,4,Biologia,6.1,8.0,7.7
148,4,Física,2.5,3.0,4.0
148,4,Química,6.8,7.0,8.1
148,4,História,6.0,6.0,6.0
148,4,Geografia,5.1,4.6,3.9
148,4,Filosofia,8.5,7.0,7.3
148,4,Sociologia,6.3,7.4,7.0
148,4,Ecoeficiência,9.6,10.0,8.0
148,4,Administração Geral,8.1,10.0,8.0
148,4,Aspectos Legais da Administração,10.0,7.4,5.0
148,4,Gestão de Arquivos e Documentação,8.5,6.0,8.5
148,4,Tópicos de Atuação Profissional,6.0,8.3,8.0
92,4,Língua Portuguesa,10.0,10.0,9.0
92,4,Artes,9.2,9.3,9.5
92,4,Inglês,8.8,9.0,7.0
92,4,Espanhol,8.5,10.0,10.0
92,4,Educação Física,9.8,9.8,10.0
92,4,Matemática,7.0,8.2,7.3
92,4,Biologia,8.8,10.0,8.8
92,4,Física,6.0,3.8,5.5
92,4,Química,8.5,8.8,9.6
92,4,História,8.0,8.5,9.0
92,4,Geografia,9.1,6.4,7.5
92,4,Filosofia,9.5,9.3,8.6
92,4,Sociologia,9.1,8.6,8.3
92,4,Ecoeficiência,7.0,9.0,10.0
92,4,Administração Geral,9.6,9.0,9.0
92,4,Aspectos Legais da Administração,8.9,9.5,8.5
92,4,Gestão de Arquivos e Documentação,8.0,8.5,9.0
92,4,Tópicos de Atuação Profissional,7.5,9.0,8.0
105,4,Língua Portuguesa,10.0,10.0,8.5
105,4,Artes,9.3,8.8,9.5
105,4,Inglês,7.7,8.8,7.0
105,4,Espanhol,9.3,9.5,10.0
105,4,Educação Física,9.7,9.3,10.0
105,4,Matemática,8.5,8.3,7.3
105,4,Biologia,7.6,9.6,8.8
105,4,Física,6.0,3.5,5.0
105,4,Química,8.6,8.1,8.7
105,4,História,6.0,7.0,8.0
105,4,Geografia,8.0,5.4,6.0
105,4,Filosofia,9.5,9.3,8.1
105,4,Sociologia,8.6,7.3,8.5
105,4,Ecoeficiência,9.6,10.0,9.0
105,4,Administração Geral,8.5,9.0,7.8
105,4,Aspectos Legais da Administração,10.0,7.2,7.5
105,4,Gestão de Arquivos e Documentação,7.3,7.0,9.5
105,4,Tópicos de Atuação Profissional,8.0,10.0,8.0
101,4,Língua Portuguesa,7.5,10.0,8.0
101,4,Artes,8.5,8.5,9.5
101,4,Inglês,6.7,7.8,7.0
101,4,Espanhol,9.8,9.8,10.0
101,4,Educação Física,9.7,8.9,10.0
101,4,Matemática,7.1,8.5,8.0
101,4,Biologia,9.1,10.0,9.3
101,4,Física,7.0,3.5,4.8
101,4,Química,7.7,9.6,9.2
101,4,História,8.0,6.3,6.3
101,4,Geografia,7.6,7.5,6.7
101,4,Filosofia,9.8,8.7,7.4
101,4,Sociologia,6.3,7.4,3.0
101,4,Ecoeficiência,10.0,10.0,9.0
101,4,Administração Geral,8.0,7.5,8.3
101,4,Aspectos Legais da Administração,9.0,7.9,7.0
101,4,Gestão de Arquivos e Documentação,8.0,7.5,9.0
101,4,Tópicos de Atuação Profissional,8.0,9.0,8.5
109,4,Língua Portuguesa,8.0,9.0,7.0
109,4,Artes,10.0,9.0,7.0
109,4,Inglês,8.4,5.0,7.0
109,4,Espanhol,9.0,8.5,10.0
109,4,Educação Física,9.7,9.2,9.3
109,4,Matemática,5.8,7.3,8.5
109,4,Biologia,6.6,8.1,7.0
109,4,Física,4.0,3.3,4.5
109,4,Química,6.5,7.6,9.6
109,4,História,5.0,7.5,8.3
109,4,Geografia,5.4,7.1,5.9
109,4,Filosofia,7.0,7.7,5.4
109,4,Sociologia,6.4,8.1,5.5
109,4,Ecoeficiência,7.6,10.0,7.4
109,4,Administração Geral,8.1,7.0,8.3
109,4,Aspectos Legais da Administração,8.4,8.0,5.0
109,4,Gestão de Arquivos e Documentação,7.3,8.0,9.0
109,4,Tópicos de Atuação Profissional,7.3,9.0,8.0
117,4,Língua Portuguesa,6.5,8.5,4.0
117,4,Artes,9.2,5.5,8.3
117,4,Inglês,4.5,4.7,5.6
117,4,Espanhol,8.6,8.8,10.0
117,4,Educação Física,9.2,8.0,8.5
117,4,Matemática,6.0,7.8,3.0
117,4,Biologia,6.2,4.4,3.0
117,4,Física,3.0,3.3,3.5
117,4,Química,6.1,6.0,7.9
117,4,História,6.0,6.8,7.3
117,4,Geografia,4.5,4.0,6.2
117,4,Filosofia,6.5,6.3,6.0
117,4,Sociologia,2.0,7.4,0.8
117,4,Ecoeficiência,6.6,8.0,5.0
117,4,Administração Geral,7.8,5.5,1.8
117,4,Aspectos Legais da Administração,8.0,2.0,0.0
117,4,Gestão de Arquivos e Documentação,4.8,6.5,0.0
117,4,Tópicos de Atuação Profissional,4.8,3.8,0.0
114,4,Língua Portuguesa,8.5,9.5,9.0
114,4,Artes,9.7,9.3,9.5
114,4,Inglês,7.7,8.1,7.0
114,4,Espanhol,9.0,9.3,10.0
114,4,Educação Física,9.8,8.8,10.0
114,4,Matemática,7.2,8.8,9.2
114,4,Biologia,8.9,9.0,8.5
114,4,Física,7.5,5.8,7.3
114,4,Química,8.2,7.7,9.8
114,4,História,8.0,6.8,9.0
114,4,Geografia,8.3,6.0,7.9
114,4,Filosofia,9.8,8.0,8.3
114,4,Sociologia,7.5,8.1,7.5
114,4,Ecoeficiência,9.6,7.5,10.0
114,4,Administração Geral,8.8,8.8,8.0
114,4,Aspectos Legais da Administração,8.6,7.8,6.3
114,4,Gestão de Arquivos e Documentação,7.0,6.0,9.5
114,4,Tópicos de Atuação Profissional,8.0,8.0,10.0
97,4,Língua Portuguesa,9.0,8.5,7.5
97,4,Artes,9.7,10.0,9.5
97,4,Inglês,6.3,8.0,7.2
97,4,Espanhol,8.5,9.0,10.0
97,4,Educação Física,9.7,9.5,9.0
97,4,Matemática,7.9,8.8,7.0
97,4,Biologia,8.5,8.0,7.3
97,4,Física,3.0,3.8,6.5
97,4,Química,7.7,8.5,10.0
97,4,História,0.0,7.0,5.5
97,4,Geografia,7.0,6.8,6.4
97,4,Filosofia,10.0,8.7,10.0
97,4,Sociologia,7.2,7.0,9.0
97,4,Ecoeficiência,10.0,10.0,9.0
97,4,Administração Geral,8.5,9.5,8.5
97,4,Aspectos Legais da Administração,9.0,8.6,10.0
97,4,Gestão de Arquivos e Documentação,7.0,8.5,10.0
97,4,Tópicos de Atuação Profissional,8.0,9.0,10.0
121,4,Língua Portuguesa,8.5,10.0,8.0
121,4,Artes,9.3,9.0,9.5
121,4,Inglês,7.5,7.9,7.0
121,4,Espanhol,9.3,8.7,10.0
121,4,Educação Física,9.7,9.2,9.8
121,4,Matemática,6.6,7.0,7.3
121,4,Biologia,7.6,10.0,7.7
121,4,Física,6.0,3.3,5.3
121,4,Química,7.3,8.0,8.4
121,4,História,8.0,8.8,7.3
121,4,Geografia,6.6,7.4,5.4
121,4,Filosofia,10.0,9.3,7.4
121,4,Sociologia,7.3,8.0,8.0
121,4,Ecoeficiência,10.0,10.0,9.0
121,4,Administração Geral,9.3,8.3,8.8
121,4,Aspectos Legais da Administração,8.4,8.4,7.3
121,4,Gestão de Arquivos e Documentação,8.5,7.5,7.0
121,4,Tópicos de Atuação Profissional,7.0,8.0,9.0
120,4,Língua Portuguesa,9.5,10.0,8.5
120,4,Artes,9.2,9.5,9.5
120,4,Inglês,8.8,7.7,7.0
120,4,Espanhol,9.3,9.5,10.0
120,4,Educação Física,9.7,9.5,10.0
120,4,Matemática,7.8,8.0,8.0
120,4,Biologia,9.0,10.0,8.0
120,4,Física,4.5,5.3,4.0
120,4,Química,8.5,9.6,9.6
120,4,História,6.0,7.5,9.0
120,4,Geografia,9.2,8.2,7.8
120,4,Filosofia,9.3,8.3,8.0
120,4,Sociologia,7.9,8.9,8.0
120,4,Ecoeficiência,7.2,9.0,8.0
120,4,Administração Geral,8.1,8.3,7.3
120,4,Aspectos Legais da Administração,9.5,9.2,8.0
120,4,Gestão de Arquivos e Documentação,9.3,9.0,9.5
120,4,Tópicos de Atuação Profissional,7.5,9.8,8.0
122,4,Língua Portuguesa,9.0,9.0,7.5
122,4,Artes,9.7,9.5,9.5
122,4,Inglês,7.2,5.8,7.0
122,4,Espanhol,9.0,9.1,10.0
122,4,Educação Física,9.4,8.4,9.5
122,4,Matemática,7.3,8.7,7.0
122,4,Biologia,7.9,8.7,7.2
122,4,Física,7.0,5.5,6.8
122,4,Química,8.2,8.7,9.8
122,4,História,6.0,6.8,7.0
122,4,Geografia,9.2,5.9,6.6
122,4,Filosofia,9.3,6.7,6.8
122,4,Sociologia,7.7,6.4,8.0
122,4,Ecoeficiência,9.6,8.0,6.4
122,4,Administração Geral,7.5,8.8,6.5
122,4,Aspectos Legais da Administração,8.3,8.0,3.3
122,4,Gestão de Arquivos e Documentação,5.5,7.0,10.0
122,4,Tópicos de Atuação Profissional,7.3,7.8,9.0
21,2,Língua Portuguesa,7.8,7.0,7.5
21,2,Matemática,8.0,6.5,7.0
21,2,Física,2.5,1.5,4.0
21,2,Química,5.6,3.8,9.0
21,2,Biologia,6.2,8.7,7.2
21,2,História,4.8,6.5,5.8
21,2,Geografia,6.3,7.0,6.4
21,2,Inglês,5.1,3.1,4.1
21,2,Filosofia,4.5,7.0,6.5
21,2,Sociologia,9.1,8.0,2.3
21,2,Espanhol,8.3,7.0,9.0
21,2,Educação Física,9.6,8.8,9.0
21,2,Artes,8.0,7.8,9.0
21,2,Informática Aplicada,8.0,9.5,7.0
21,2,Desenho Técnico e Topografia,4.0,8.5,4.0
21,2,Fundamentos da Ciência do Solo,6.2,5.0,4.8
21,2,Forragicultura,7.0,4.5,7.6
21,2,Meio Ambiente e Sustentabilidade,7.0,7.0,7.5
21,2,Convivência com Bioma,7.5,7.6,7.8
21,2,Associativismo e Cooperativismo,9.2,6.8,6.4
21,2,Ovinocaprinocultura,7.0,3.1,2.0
21,2,Mecanização Agrícola,9.3,4.6,0.0
27,2,Língua Portuguesa,8.0,9.6,8.7
27,2,Matemática,7.0,7.0,9.0
27,2,Física,2.0,2.0,3.5
27,2,Química,8.1,7.9,9.0
27,2,Biologia,9.0,9.3,6.3
27,2,História,5.0,7.0,6.3
27,2,Geografia,5.9,3.8,4.8
27,2,Inglês,6.0,4.7,4.6
27,2,Filosofia,9.0,7.3,7.0
27,2,Sociologia,5.3,5.1,8.5
27,2,Espanhol,8.7,8.8,9.0
27,2,Educação Física,9.5,9.3,8.8
27,2,Artes,8.2,7.8,9.0
27,2,Informática Aplicada,7.5,7.3,7.5
27,2,Desenho Técnico e Topografia,7.3,5.9,4.0
27,2,Fundamentos da Ciência do Solo,7.0,7.0,7.4
27,2,Forragicultura,9.0,5.0,3.0
27,2,Meio Ambiente e Sustentabilidade,7.0,7.3,7.1
27,2,Convivência com Bioma,7.5,7.2,8.0
27,2,Associativismo e Cooperativismo,8.0,6.0,9.1
27,2,Ovinocaprinocultura,8.0,5.5,6.0
27,2,Mecanização Agrícola,8.8,6.3,0.0
125,2,Língua Portuguesa,8.4,7.7,0.0
125,2,Matemática,7.5,6.7,0.0
125,2,Física,0.0,2.5,0.0
125,2,Química,7.2,4.7,0.0
125,2,Biologia,8.0,4.7,0.0
125,2,História,6.0,6.5,0.0
125,2,Geografia,7.3,5.4,0.0
125,2,Inglês,5.4,5.7,0.0
125,2,Filosofia,4.5,8.3,0.0
125,2,Sociologia,4.5,6.0,0.0
125,2,Espanhol,9.0,8.0,0.0
125,2,Educação Física,9.3,9.3,0.0
125,2,Artes,9.5,7.3,3.5
125,2,Informática Aplicada,8.0,3.5,0.0
125,2,Desenho Técnico e Topografia,7.1,5.5,0.0
125,2,Fundamentos da Ciência do Solo,7.6,5.6,0.0
125,2,Forragicultura,8.0,4.0,0.0
125,2,Meio Ambiente e Sustentabilidade,7.3,7.2,0.0
125,2,Convivência com Bioma,7.3,7.0,0.0
125,2,Associativismo e Cooperativismo,9.2,7.0,0.0
125,2,Ovinocaprinocultura,7.0,0.0,0.0
125,2,Mecanização Agrícola,8.7,5.5,0.0
19,2,Língua Portuguesa,8.8,8.2,8.0
19,2,Matemática,8.2,7.2,7.0
19,2,Física,3.0,2.3,3.5
19,2,Química,7.7,5.6,10.0
19,2,Biologia,7.1,8.7,7.4
19,2,História,7.2,8.5,6.5
19,2,Geografia,7.6,5.5,7.0
19,2,Inglês,8.8,6.6,8.5
19,2,Filosofia,8.0,9.3,9.1
19,2,Sociologia,7.9,6.8,7.5
19,2,Espanhol,9.5,9.5,9.0
19,2,Educação Física,9.5,8.5,9.8
19,2,Artes,10.0,8.5,9.0
19,2,Informática Aplicada,7.5,9.0,7.1
19,2,Desenho Técnico e Topografia,8.5,6.8,3.7
19,2,Fundamentos da Ciência do Solo,7.1,8.6,8.6
19,2,Forragicultura,7.0,5.0,9.4
19,2,Meio Ambiente e Sustentabilidade,8.9,9.0,8.8
19,2,Convivência com Bioma,8.0,7.0,9.8
19,2,Associativismo e Cooperativismo,8.3,8.5,8.0
19,2,Ovinocaprinocultura,7.0,5.0,5.7
19,2,Mecanização Agrícola,6.5,4.9,0.0
22,2,Língua Portuguesa,7.6,7.0,7.9
22,2,Matemática,8.0,6.7,8.0
22,2,Física,3.5,2.5,3.5
22,2,Química,6.7,3.9,9.0
22,2,Biologia,6.0,8.7,6.8
22,2,História,8.0,7.0,6.3
22,2,Geografia,5.8,3.2,6.5
22,2,Inglês,8.1,6.9,6.4
22,2,Filosofia,7.5,9.0,6.3
22,2,Sociologia,4.5,6.4,4.3
22,2,Espanhol,8.2,8.8,9.0
22,2,Educação Física,9.4,9.0,9.5
22,2,Artes,9.7,7.0,9.0
22,2,Informática Aplicada,6.5,9.5,7.3
22,2,Desenho Técnico e Topografia,6.8,7.0,5.1
22,2,Fundamentos da Ciência do Solo,7.7,6.2,7.1
22,2,Forragicultura,5.0,6.5,7.2
22,2,Meio Ambiente e Sustentabilidade,7.0,7.2,8.5
22,2,Convivência com Bioma,7.5,7.2,8.3
22,2,Associativismo e Cooperativismo,8.5,8.5,6.2
22,2,Ovinocaprinocultura,7.0,4.4,5.7
22,2,Mecanização Agrícola,7.5,5.0,0.0
24,2,Língua Portuguesa,9.2,8.7,7.2
24,2,Matemática,6.4,7.3,7.0
24,2,Física,3.0,1.3,4.5
24,2,Química,7.0,6.0,10.0
24,2,Biologia,7.6,8.8,6.5
24,2,História,8.0,7.5,7.3
24,2,Geografia,5.5,5.1,7.5
24,2,Inglês,7.9,7.9,7.3
24,2,Filosofia,8.0,7.5,9.4
24,2,Sociologia,6.3,7.0,10.0
24,2,Espanhol,8.7,9.6,9.0
24,2,Educação Física,9.5,8.3,8.8
24,2,Artes,10.0,8.5,9.0
24,2,Informática Aplicada,7.9,9.0,8.5
24,2,Desenho Técnico e Topografia,5.7,6.1,6.3
24,2,Fundamentos da Ciência do Solo,7.2,8.5,8.1
24,2,Forragicultura,3.0,7.0,6.6
24,2,Meio Ambiente e Sustentabilidade,7.5,9.0,9.8
24,2,Convivência com Bioma,7.0,8.0,8.0
24,2,Associativismo e Cooperativismo,9.5,7.0,8.8
24,2,Ovinocaprinocultura,7.0,7.8,7.5
24,2,Mecanização Agrícola,7.8,5.9,0.0
34,2,Língua Portuguesa,7.5,6.8,8.3
34,2,Matemática,7.3,6.0,7.5
34,2,Física,1.0,1.4,4.5
34,2,Química,7.7,5.5,9.5
34,2,Biologia,7.0,8.6,8.8
34,2,História,2.2,6.5,6.8
34,2,Geografia,7.4,5.4,7.0
34,2,Inglês,6.7,5.1,5.8
34,2,Filosofia,8.3,5.7,7.0
34,2,Sociologia,5.0,5.4,3.0
34,2,Espanhol,8.2,8.0,9.0
34,2,Educação Física,9.4,8.5,8.5
34,2,Artes,8.2,7.8,9.0
34,2,Informática Aplicada,7.3,7.5,7.0
34,2,Desenho Técnico e Topografia,6.6,9.3,3.8
34,2,Fundamentos da Ciência do Solo,8.1,7.0,3.9
34,2,Forragicultura,6.0,6.5,7.6
34,2,Meio Ambiente e Sustentabilidade,7.0,7.5,7.5
34,2,Convivência com Bioma,7.0,8.1,7.3
34,2,Associativismo e Cooperativismo,9.6,7.5,5.5
34,2,Ovinocaprinocultura,8.0,7.1,5.7
34,2,Mecanização Agrícola,4.8,6.1,0.0
32,2,Língua Portuguesa,8.9,7.8,9.0
32,2,Matemática,7.2,6.7,8.0
32,2,Física,4.0,2.5,3.0
32,2,Química,7.0,6.0,10.0
32,2,Biologia,7.9,9.7,7.8
32,2,História,6.0,7.0,5.3
32,2,Geografia,7.0,4.9,5.5
32,2,Inglês,7.4,6.0,7.2
32,2,Filosofia,10.0,9.0,9.5
32,2,Sociologia,6.5,3.8,9.3
32,2,Espanhol,9.1,9.5,9.0
32,2,Educação Física,9.5,9.2,9.0
32,2,Artes,10.0,8.0,9.0
32,2,Informática Aplicada,8.0,8.8,7.0
32,2,Desenho Técnico e Topografia,7.0,7.0,5.6
32,2,Fundamentos da Ciência do Solo,8.8,7.0,6.6
32,2,Forragicultura,7.0,8.5,7.8
32,2,Meio Ambiente e Sustentabilidade,7.8,8.7,9.8
32,2,Convivência com Bioma,7.5,8.0,8.8
32,2,Associativismo e Cooperativismo,9.8,8.5,9.4
32,2,Ovinocaprinocultura,7.0,7.0,6.5
32,2,Mecanização Agrícola,9.5,7.0,0.0
40,2,Língua Portuguesa,8.7,8.6,9.8
40,2,Matemática,8.3,8.7,7.2
40,2,Física,4.0,3.3,3.5
40,2,Química,7.9,8.1,10.0
40,2,Biologia,7.0,9.3,8.1
40,2,História,6.0,8.0,6.8
40,2,Geografia,9.1,7.1,8.6
40,2,Inglês,9.7,7.7,7.1
40,2,Filosofia,9.8,7.7,7.6
40,2,Sociologia,8.9,7.1,9.3
40,2,Espanhol,8.8,10.0,9.0
40,2,Educação Física,9.4,9.8,9.5
40,2,Artes,8.5,7.3,7.5
40,2,Informática Aplicada,9.3,9.0,10.0
40,2,Desenho Técnico e Topografia,9.0,7.9,7.5
40,2,Fundamentos da Ciência do Solo,8.4,8.2,10.0
40,2,Forragicultura,10.0,9.0,8.8
40,2,Meio Ambiente e Sustentabilidade,8.0,8.2,9.8
40,2,Convivência com Bioma,8.5,8.3,8.3
40,2,Associativismo e Cooperativismo,9.7,8.5,7.6
40,2,Ovinocaprinocultura,7.0,7.3,7.0
40,2,Mecanização Agrícola,8.5,10.0,0.0
36,2,Língua Portuguesa,7.9,8.0,8.5
36,2,Matemática,5.0,4.7,7.5
36,2,Física,3.5,1.8,4.0
36,2,Química,5.0,5.0,6.2
36,2,Biologia,7.4,7.7,5.8
36,2,História,6.0,6.0,6.3
36,2,Geografia,3.8,3.4,5.9
36,2,Inglês,6.6,3.1,3.6
36,2,Filosofia,7.0,7.0,5.0
36,2,Sociologia,5.0,3.3,5.8
36,2,Espanhol,9.3,7.3,9.0
36,2,Educação Física,9.2,8.3,9.0
36,2,Artes,9.2,8.0,9.0
36,2,Informática Aplicada,7.0,8.8,9.0
36,2,Desenho Técnico e Topografia,4.5,8.5,4.5
36,2,Fundamentos da Ciência do Solo,7.6,7.0,6.7
36,2,Forragicultura,5.0,5.0,7.0
36,2,Meio Ambiente e Sustentabilidade,8.0,7.2,7.8
36,2,Convivência com Bioma,7.5,7.2,8.3
36,2,Associativismo e Cooperativismo,9.0,7.0,7.1
36,2,Ovinocaprinocultura,8.0,3.3,5.8
36,2,Mecanização Agrícola,8.5,2.6,0.0
39,2,Língua Portuguesa,7.6,7.8,9.0
39,2,Matemática,7.8,9.2,7.0
39,2,Física,8.5,5.8,6.0
39,2,Química,7.8,7.1,8.7
39,2,Biologia,7.1,9.3,8.0
39,2,História,7.0,7.5,6.0
39,2,Geografia,10.0,9.5,7.4
39,2,Inglês,7.0,8.4,6.8
39,2,Filosofia,7.0,7.8,5.5
39,2,Sociologia,5.0,7.0,6.0
39,2,Espanhol,8.5,9.0,9.0
39,2,Educação Física,9.4,9.8,9.8
39,2,Artes,8.7,7.3,7.5
39,2,Informática Aplicada,8.8,8.8,7.5
39,2,Desenho Técnico e Topografia,7.6,7.9,7.5
39,2,Fundamentos da Ciência do Solo,8.3,8.5,9.6
39,2,Forragicultura,9.0,7.0,7.2
39,2,Meio Ambiente e Sustentabilidade,7.0,8.0,9.0
39,2,Convivência com Bioma,7.3,7.1,7.8
39,2,Associativismo e Cooperativismo,9.8,6.5,7.0
39,2,Ovinocaprinocultura,7.0,7.0,6.7
39,2,Mecanização Agrícola,7.4,7.5,0.0
47,2,Língua Portuguesa,10.0,7.0,7.3
47,2,Matemática,6.0,6.7,7.5
47,2,Física,3.5,1.8,3.5
47,2,Química,7.7,4.1,9.8
47,2,Biologia,6.4,9.8,6.5
47,2,História,6.2,6.8,5.8
47,2,Geografia,8.7,4.9,6.4
47,2,Inglês,6.8,4.8,3.6
47,2,Filosofia,7.5,8.0,7.9
47,2,Sociologia,7.7,4.5,6.5
47,2,Espanhol,8.3,8.3,9.0
47,2,Educação Física,9.4,8.7,9.0
47,2,Artes,7.0,7.3,7.5
47,2,Informática Aplicada,7.8,9.0,8.5
47,2,Desenho Técnico e Topografia,5.6,8.5,4.5
47,2,Fundamentos da Ciência do Solo,5.3,4.4,5.3
47,2,Forragicultura,4.0,4.5,4.0
47,2,Meio Ambiente e Sustentabilidade,7.5,7.0,8.0
47,2,Convivência com Bioma,8.5,7.0,7.3
47,2,Associativismo e Cooperativismo,7.0,8.0,7.5
47,2,Ovinocaprinocultura,7.0,4.5,3.5
47,2,Mecanização Agrícola,6.3,3.3,0.0
127,2,Língua Portuguesa,7.3,6.0,7.0
127,2,Matemática,5.5,5.8,7.0
127,2,Física,2.0,2.3,3.5
127,2,Química,6.7,6.2,9.3
127,2,Biologia,5.9,6.8,5.5
127,2,História,6.0,7.0,6.3
127,2,Geografia,4.7,4.0,5.1
127,2,Inglês,4.9,2.5,4.2
127,2,Filosofia,3.8,6.0,6.5
127,2,Sociologia,6.3,5.8,3.5
127,2,Espanhol,7.8,7.6,9.0
127,2,Educação Física,9.4,9.0,7.8
127,2,Artes,7.0,8.0,9.0
127,2,Informática Aplicada,8.5,7.8,8.5
127,2,Desenho Técnico e Topografia,4.0,8.8,7.0
127,2,Fundamentos da Ciência do Solo,7.8,7.0,5.3
127,2,Forragicultura,6.0,6.0,5.0
127,2,Meio Ambiente e Sustentabilidade,7.5,8.0,8.0
127,2,Convivência com Bioma,8.8,7.3,7.8
127,2,Associativismo e Cooperativismo,7.9,5.0,6.8
127,2,Ovinocaprinocultura,8.0,4.5,4.0
127,2,Mecanização Agrícola,8.0,6.5,0.0
26,2,Língua Portuguesa,9.0,7.4,6.9
26,2,Matemática,6.7,6.5,6.5
26,2,Física,3.5,2.3,3.0
26,2,Química,6.0,4.8,10.0
26,2,Biologia,7.4,8.8,7.2
26,2,História,6.5,6.5,7.0
26,2,Geografia,6.8,4.6,6.3
26,2,Inglês,4.3,5.2,5.2
26,2,Filosofia,7.0,6.8,7.0
26,2,Sociologia,7.8,6.0,1.5
26,2,Espanhol,10.0,9.0,9.0
26,2,Educação Física,9.5,8.7,9.0
26,2,Artes,10.0,7.0,8.5
26,2,Informática Aplicada,9.8,9.5,8.1
26,2,Desenho Técnico e Topografia,7.3,8.5,4.5
26,2,Fundamentos da Ciência do Solo,6.2,7.5,4.3
26,2,Forragicultura,4.0,4.0,7.0
26,2,Meio Ambiente e Sustentabilidade,8.8,8.5,9.0
26,2,Convivência com Bioma,8.0,7.0,9.0
26,2,Associativismo e Cooperativismo,8.5,7.0,8.5
26,2,Ovinocaprinocultura,7.3,5.4,6.2
26,2,Mecanização Agrícola,9.8,4.8,0.0
20,2,Língua Portuguesa,8.5,8.0,7.0
20,2,Matemática,4.6,3.7,8.0
20,2,Física,2.3,0.8,3.5
20,2,Química,6.0,5.0,10.0
20,2,Biologia,4.0,7.4,9.0
20,2,História,6.0,6.0,7.5
20,2,Geografia,3.7,2.5,6.1
20,2,Inglês,3.8,3.6,5.3
20,2,Filosofia,8.3,8.0,7.0
20,2,Sociologia,5.5,4.1,3.5
20,2,Espanhol,8.5,8.0,9.0
20,2,Educação Física,9.5,8.8,9.5
20,2,Artes,9.2,7.0,7.5
20,2,Informática Aplicada,3.5,7.3,7.4
20,2,Desenho Técnico e Topografia,5.2,5.4,4.4
20,2,Fundamentos da Ciência do Solo,4.2,7.0,6.0
20,2,Forragicultura,5.0,7.5,8.9
20,2,Meio Ambiente e Sustentabilidade,7.0,7.8,9.0
20,2,Convivência com Bioma,7.8,7.2,8.3
20,2,Associativismo e Cooperativismo,7.0,7.5,9.2
20,2,Ovinocaprinocultura,5.5,5.0,6.4
20,2,Mecanização Agrícola,2.8,2.5,0.0
130,2,Língua Portuguesa,8.9,6.0,3.3
130,2,Matemática,4.5,5.2,4.7
130,2,Física,1.0,1.8,0.0
130,2,Química,6.4,3.9,9.5
130,2,Biologia,7.0,8.4,5.3
130,2,História,5.0,5.5,4.3
130,2,Geografia,3.8,2.7,0.0
130,2,Inglês,4.5,2.3,0.3
130,2,Filosofia,7.5,5.7,0.0
130,2,Sociologia,8.1,5.1,3.0
130,2,Espanhol,9.3,7.5,4.5
130,2,Educação Física,9.6,8.0,0.0
130,2,Artes,8.2,8.0,3.5
130,2,Informática Aplicada,4.8,6.3,0.0
130,2,Desenho Técnico e Topografia,4.2,4.9,0.0
130,2,Fundamentos da Ciência do Solo,6.5,7.0,0.0
130,2,Forragicultura,6.0,5.0,0.0
130,2,Meio Ambiente e Sustentabilidade,7.5,7.0,4.0
130,2,Convivência com Bioma,8.0,7.7,4.0
130,2,Associativismo e Cooperativismo,9.9,6.8,0.0
130,2,Ovinocaprinocultura,7.0,2.8,0.0
130,2,Mecanização Agrícola,6.5,6.1,0.0
129,2,Língua Portuguesa,7.1,8.0,7.0
129,2,Matemática,6.1,6.3,4.0
129,2,Física,3.5,2.3,3.5
129,2,Química,6.1,5.7,9.3
129,2,Biologia,5.3,8.1,5.1
129,2,História,6.0,7.0,5.8
129,2,Geografia,10.0,7.2,4.4
129,2,Inglês,5.9,2.2,5.2
129,2,Filosofia,3.0,5.2,7.0
129,2,Sociologia,8.1,4.5,6.5
129,2,Espanhol,8.0,8.0,9.0
129,2,Educação Física,9.5,9.3,8.5
129,2,Artes,10.0,6.5,9.0
129,2,Informática Aplicada,8.3,8.8,7.6
129,2,Desenho Técnico e Topografia,6.3,4.2,5.7
129,2,Fundamentos da Ciência do Solo,7.8,6.0,5.3
129,2,Forragicultura,3.0,5.5,0.0
129,2,Meio Ambiente e Sustentabilidade,7.8,8.2,8.8
129,2,Convivência com Bioma,7.0,7.0,7.0
129,2,Associativismo e Cooperativismo,7.9,6.5,6.3
129,2,Ovinocaprinocultura,7.0,6.1,3.5
129,2,Mecanização Agrícola,9.0,7.1,0.0
33,2,Língua Portuguesa,7.1,7.4,9.0
33,2,Matemática,5.8,6.5,8.0
33,2,Física,1.8,2.0,3.5
33,2,Química,5.8,4.9,9.3
33,2,Biologia,6.5,8.7,5.5
33,2,História,4.7,7.3,5.3
33,2,Geografia,3.7,4.6,6.5
33,2,Inglês,4.2,3.8,6.6
33,2,Filosofia,9.0,7.7,7.5
33,2,Sociologia,3.7,6.7,6.8
33,2,Espanhol,8.8,7.9,9.0
33,2,Educação Física,9.4,9.3,8.8
33,2,Artes,9.2,6.5,7.5
33,2,Informática Aplicada,6.3,8.3,7.0
33,2,Desenho Técnico e Topografia,4.3,4.7,3.8
33,2,Fundamentos da Ciência do Solo,6.1,7.0,8.0
33,2,Forragicultura,8.0,4.5,6.0
33,2,Meio Ambiente e Sustentabilidade,7.8,7.2,8.0
33,2,Convivência com Bioma,7.5,7.0,8.3
33,2,Associativismo e Cooperativismo,9.6,5.0,7.6
33,2,Ovinocaprinocultura,7.0,5.0,6.1
33,2,Mecanização Agrícola,7.3,3.4,0.0
28,2,Língua Portuguesa,8.5,9.0,9.0
28,2,Matemática,5.0,5.8,8.0
28,2,Física,2.3,1.4,4.0
28,2,Química,6.2,6.0,5.8
28,2,Biologia,7.5,9.4,5.7
28,2,História,6.0,7.0,6.3
28,2,Geografia,5.6,5.3,4.3
28,2,Inglês,2.5,2.3,3.7
28,2,Filosofia,5.5,7.0,6.3
28,2,Sociologia,3.5,3.8,3.0
28,2,Espanhol,8.0,7.3,9.0
28,2,Educação Física,9.5,7.8,9.3
28,2,Artes,9.2,7.0,7.5
28,2,Informática Aplicada,7.3,6.8,7.0
28,2,Desenho Técnico e Topografia,6.2,6.2,4.3
28,2,Fundamentos da Ciência do Solo,9.5,7.5,3.7
28,2,Forragicultura,8.0,4.5,6.5
28,2,Meio Ambiente e Sustentabilidade,7.5,7.0,8.3
28,2,Convivência com Bioma,8.0,7.7,7.3
28,2,Associativismo e Cooperativismo,9.0,5.5,5.2
28,2,Ovinocaprinocultura,8.0,4.5,5.8
28,2,Mecanização Agrícola,5.9,4.4,0.0
31,2,Língua Portuguesa,9.5,9.2,10.0
31,2,Matemática,9.7,10.0,8.5
31,2,Física,7.3,8.5,7.8
31,2,Química,8.8,7.7,10.0
31,2,Biologia,8.5,8.7,9.3
31,2,História,7.8,7.3,7.3
31,2,Geografia,9.6,8.8,9.4
31,2,Inglês,7.7,7.1,8.6
31,2,Filosofia,10.0,9.7,9.3
31,2,Sociologia,9.4,8.2,7.8
31,2,Espanhol,9.7,9.5,9.0
31,2,Educação Física,9.6,9.8,9.8
31,2,Artes,9.7,9.5,9.0
31,2,Informática Aplicada,9.4,9.8,9.3
31,2,Desenho Técnico e Topografia,9.0,7.8,8.5
31,2,Fundamentos da Ciência do Solo,9.4,9.4,8.7
31,2,Forragicultura,10.0,10.0,10.0
31,2,Meio Ambiente e Sustentabilidade,8.5,9.8,9.5
31,2,Convivência com Bioma,7.5,9.7,10.0
31,2,Associativismo e Cooperativismo,9.9,8.5,10.0
31,2,Ovinocaprinocultura,7.5,7.0,8.5
31,2,Mecanização Agrícola,9.8,10.0,0.0
35,2,Língua Portuguesa,8.3,7.5,3.5
35,2,Matemática,7.5,7.3,2.7
35,2,Física,2.0,3.0,0.0
35,2,Química,8.2,3.7,5.0
35,2,Biologia,7.7,4.3,5.3
35,2,História,6.0,7.0,4.3
35,2,Geografia,7.0,6.8,0.0
35,2,Inglês,5.9,7.0,2.6
35,2,Filosofia,8.3,8.0,0.0
35,2,Sociologia,8.4,4.9,0.0
35,2,Espanhol,8.9,8.8,0.0
35,2,Educação Física,9.5,9.7,0.0
35,2,Artes,10.0,7.0,7.5
35,2,Informática Aplicada,7.5,4.3,8.0
35,2,Desenho Técnico e Topografia,7.3,7.0,0.0
35,2,Fundamentos da Ciência do Solo,7.9,9.7,0.0
35,2,Forragicultura,8.0,4.3,0.0
35,2,Meio Ambiente e Sustentabilidade,8.0,9.0,4.5
35,2,Convivência com Bioma,8.8,7.3,4.5
35,2,Associativismo e Cooperativismo,9.8,8.0,0.0
35,2,Ovinocaprinocultura,7.0,9.0,0.0
35,2,Mecanização Agrícola,7.8,9.8,0.0
43,2,Língua Portuguesa,8.4,8.4,8.3
43,2,Matemática,7.2,6.3,8.0
43,2,Física,6.0,2.4,3.5
43,2,Química,7.4,5.0,9.8
43,2,Biologia,8.0,8.7,7.2
43,2,História,6.5,7.8,7.0
43,2,Geografia,6.0,4.9,6.5
43,2,Inglês,7.3,6.0,7.5
43,2,Filosofia,8.3,8.7,6.5
43,2,Sociologia,4.5,6.2,6.8
43,2,Espanhol,8.0,9.0,9.0
43,2,Educação Física,9.4,8.7,9.8
43,2,Artes,9.7,8.3,9.0
43,2,Informática Aplicada,7.5,8.3,7.8
43,2,Desenho Técnico e Topografia,6.9,7.0,4.5
43,2,Fundamentos da Ciência do Solo,8.8,5.5,6.7
43,2,Forragicultura,7.0,4.0,8.2
43,2,Meio Ambiente e Sustentabilidade,8.0,7.7,8.0
43,2,Convivência com Bioma,8.0,7.5,7.3
43,2,Associativismo e Cooperativismo,9.4,8.5,7.6
43,2,Ovinocaprinocultura,4.5,6.0,6.2
43,2,Mecanização Agrícola,7.0,7.2,0.0
23,2,Língua Portuguesa,7.0,7.5,7.6
23,2,Matemática,5.1,6.8,3.0
23,2,Física,1.5,2.8,3.5
23,2,Química,6.2,4.7,9.3
23,2,Biologia,7.0,8.7,6.8
23,2,História,7.0,6.0,7.0
23,2,Geografia,4.7,3.0,5.0
23,2,Inglês,3.1,3.5,4.3
23,2,Filosofia,6.3,4.5,5.6
23,2,Sociologia,3.0,3.2,4.8
23,2,Espanhol,8.5,8.3,9.0
23,2,Educação Física,9.5,8.3,9.5
23,2,Artes,9.7,7.5,7.5
23,2,Informática Aplicada,8.0,6.8,7.5
23,2,Desenho Técnico e Topografia,8.0,5.2,3.0
23,2,Fundamentos da Ciência do Solo,9.4,6.0,5.4
23,2,Forragicultura,7.0,5.0,6.6
23,2,Meio Ambiente e Sustentabilidade,7.5,7.5,8.5
23,2,Convivência com Bioma,7.0,8.5,7.5
23,2,Associativismo e Cooperativismo,8.7,6.5,7.0
23,2,Ovinocaprinocultura,8.0,7.0,5.8
23,2,Mecanização Agrícola,7.3,3.7,0.0
48,2,Língua Portuguesa,7.0,8.0,8.2
48,2,Matemática,5.2,7.0,8.0
48,2,Física,2.0,2.0,4.0
48,2,Química,7.2,6.5,9.8
48,2,Biologia,7.1,8.7,6.8
48,2,História,8.0,7.5,6.0
48,2,Geografia,4.0,6.4,5.5
48,2,Inglês,3.5,3.7,7.1
48,2,Filosofia,8.0,7.7,4.9
48,2,Sociologia,3.9,7.7,4.8
48,2,Espanhol,8.5,7.5,9.0
48,2,Educação Física,9.5,9.1,9.5
48,2,Artes,9.7,7.5,7.5
48,2,Informática Aplicada,7.1,9.3,8.5
48,2,Desenho Técnico e Topografia,7.0,5.8,4.5
48,2,Fundamentos da Ciência do Solo,8.6,6.1,6.0
48,2,Forragicultura,10.0,6.0,6.6
48,2,Meio Ambiente e Sustentabilidade,7.0,9.0,7.8
48,2,Convivência com Bioma,7.5,7.6,8.8
48,2,Associativismo e Cooperativismo,9.6,7.5,8.8
48,2,Ovinocaprinocultura,7.0,7.0,6.5
48,2,Mecanização Agrícola,8.2,5.7,0.0
30,2,Língua Portuguesa,9.2,7.8,9.8
30,2,Matemática,7.2,7.8,8.0
30,2,Física,2.5,2.7,3.5
30,2,Química,7.3,8.5,10.0
30,2,Biologia,7.6,9.8,8.8
30,2,História,6.0,7.0,7.8
30,2,Geografia,8.5,7.2,8.8
30,2,Inglês,6.7,7.1,6.3
30,2,Filosofia,8.0,7.7,9.0
30,2,Sociologia,8.9,7.3,8.3
30,2,Espanhol,8.8,10.0,9.0
30,2,Educação Física,9.4,9.5,9.8
30,2,Artes,8.7,8.3,9.0
30,2,Informática Aplicada,8.3,9.3,10.0
30,2,Desenho Técnico e Topografia,6.3,9.5,7.2
30,2,Fundamentos da Ciência do Solo,8.5,8.5,9.5
30,2,Forragicultura,7.0,8.0,8.3
30,2,Meio Ambiente e Sustentabilidade,7.0,8.8,10.0
30,2,Convivência com Bioma,8.0,8.0,9.0
30,2,Associativismo e Cooperativismo,9.7,8.0,8.5
30,2,Ovinocaprinocultura,7.0,5.5,6.8
30,2,Mecanização Agrícola,7.6,8.9,0.0
135,2,Língua Portuguesa,8.3,7.4,8.2
135,2,Matemática,7.9,6.7,7.2
135,2,Física,4.0,3.3,3.5
135,2,Química,6.6,5.2,10.0
135,2,Biologia,7.4,8.1,6.7
135,2,História,4.0,7.0,7.0
135,2,Geografia,7.6,6.3,7.2
135,2,Inglês,4.8,7.4,6.2
135,2,Filosofia,8.5,7.5,7.8
135,2,Sociologia,4.5,5.1,7.8
135,2,Espanhol,8.2,8.0,9.0
135,2,Educação Física,9.3,8.7,9.5
135,2,Artes,9.2,6.8,9.0
135,2,Informática Aplicada,7.5,8.5,9.5
135,2,Desenho Técnico e Topografia,5.0,8.1,7.5
135,2,Fundamentos da Ciência do Solo,8.1,7.5,7.8
135,2,Forragicultura,7.0,7.0,7.1
135,2,Meio Ambiente e Sustentabilidade,8.3,8.2,8.5
135,2,Convivência com Bioma,8.0,7.0,7.3
135,2,Associativismo e Cooperativismo,9.7,7.5,6.7
135,2,Ovinocaprinocultura,7.0,6.1,6.5
135,2,Mecanização Agrícola,7.7,6.5,0.0
132,2,Língua Portuguesa,8.4,7.6,9.0
132,2,Matemática,4.6,5.5,8.0
132,2,Física,2.5,2.0,3.5
132,2,Química,7.1,8.0,10.0
132,2,Biologia,7.0,3.9,7.4
132,2,História,4.7,9.5,7.3
132,2,Geografia,6.0,3.4,4.7
132,2,Inglês,6.6,2.5,4.8
132,2,Filosofia,7.0,5.7,7.4
132,2,Sociologia,7.8,5.3,7.0
132,2,Espanhol,8.8,7.7,9.0
132,2,Educação Física,9.5,8.3,9.0
132,2,Artes,8.8,8.0,7.5
132,2,Informática Aplicada,7.3,8.5,8.5
132,2,Desenho Técnico e Topografia,6.6,7.7,5.9
132,2,Fundamentos da Ciência do Solo,8.1,7.1,5.5
132,2,Forragicultura,6.0,5.0,4.0
132,2,Meio Ambiente e Sustentabilidade,7.5,8.3,9.0
132,2,Convivência com Bioma,8.0,7.0,7.3
132,2,Associativismo e Cooperativismo,9.3,7.5,5.5
132,2,Ovinocaprinocultura,6.3,4.3,2.7
132,2,Mecanização Agrícola,8.5,7.5,0.0
134,2,Língua Portuguesa,8.3,7.8,9.9
134,2,Matemática,6.3,6.3,8.0
134,2,Física,4.5,1.8,4.0
134,2,Química,6.5,6.0,10.0
134,2,Biologia,7.2,9.3,7.5
134,2,História,4.0,8.0,7.0
134,2,Geografia,7.6,6.0,7.4
134,2,Inglês,9.5,6.6,6.2
134,2,Filosofia,8.8,6.3,9.0
134,2,Sociologia,9.0,4.2,8.8
134,2,Espanhol,7.9,10.0,9.0
134,2,Educação Física,9.4,9.4,9.5
134,2,Artes,8.5,7.8,9.0
134,2,Informática Aplicada,8.3,8.5,7.4
134,2,Desenho Técnico e Topografia,4.9,7.2,4.0
134,2,Fundamentos da Ciência do Solo,8.4,8.9,7.5
134,2,Forragicultura,6.0,5.5,7.1
134,2,Meio Ambiente e Sustentabilidade,8.5,8.0,9.0
134,2,Convivência com Bioma,7.8,7.2,8.0
134,2,Associativismo e Cooperativismo,9.7,8.0,7.0
134,2,Ovinocaprinocultura,7.0,5.3,7.5
134,2,Mecanização Agrícola,6.3,3.5,0.0
17,2,Língua Portuguesa,7.0,7.5,9.0
17,2,Matemática,5.2,7.0,5.7
17,2,Física,3.0,1.8,3.5
17,2,Química,6.2,4.6,9.5
17,2,Biologia,6.6,9.3,7.5
17,2,História,5.7,6.0,6.5
17,2,Geografia,3.5,4.1,7.4
17,2,Inglês,3.6,4.0,5.3
17,2,Filosofia,6.0,7.5,6.8
17,2,Sociologia,5.0,6.6,7.5
17,2,Espanhol,9.0,8.3,9.0
17,2,Educação Física,9.5,9.2,8.8
17,2,Artes,7.0,7.0,7.5
17,2,Informática Aplicada,6.5,6.3,8.0
17,2,Desenho Técnico e Topografia,5.1,4.2,3.1
17,2,Fundamentos da Ciência do Solo,7.7,8.0,5.5
17,2,Forragicultura,6.0,4.5,7.1
17,2,Meio Ambiente e Sustentabilidade,7.0,7.0,8.5
17,2,Convivência com Bioma,7.5,7.8,8.8
17,2,Associativismo e Cooperativismo,7.6,6.0,6.3
17,2,Ovinocaprinocultura,7.0,5.7,6.3
17,2,Mecanização Agrícola,8.4,4.4,0.0
42,2,Língua Portuguesa,8.7,7.0,8.0
42,2,Matemática,6.1,6.2,5.5
42,2,Física,2.5,2.0,4.0
42,2,Química,6.6,5.0,9.8
42,2,Biologia,6.3,9.6,8.6
42,2,História,4.0,7.0,6.5
42,2,Geografia,4.4,5.2,7.0
42,2,Inglês,8.0,5.5,7.0
42,2,Filosofia,7.3,6.5,7.0
42,2,Sociologia,8.6,6.6,4.3
42,2,Espanhol,8.2,8.5,9.0
42,2,Educação Física,9.4,8.7,9.8
42,2,Artes,7.0,8.3,9.0
42,2,Informática Aplicada,6.3,8.5,7.0
42,2,Desenho Técnico e Topografia,7.5,5.4,6.7
42,2,Fundamentos da Ciência do Solo,7.0,7.8,10.0
42,2,Forragicultura,8.0,5.5,7.1
42,2,Meio Ambiente e Sustentabilidade,7.3,7.8,8.8
42,2,Convivência com Bioma,8.5,7.0,8.5
42,2,Associativismo e Cooperativismo,9.5,7.0,6.3
42,2,Ovinocaprinocultura,8.0,7.0,6.5
42,2,Mecanização Agrícola,8.0,3.7,0.0
45,2,Língua Portuguesa,7.5,7.3,7.4
45,2,Matemática,5.1,6.7,8.5
45,2,Física,1.8,1.8,3.5
45,2,Química,4.4,4.5,9.0
45,2,Biologia,7.0,9.5,7.3
45,2,História,4.5,6.0,6.8
45,2,Geografia,3.6,2.3,6.5
45,2,Inglês,3.6,4.9,5.8
45,2,Filosofia,6.0,7.0,7.0
45,2,Sociologia,3.4,5.7,3.5
45,2,Espanhol,8.8,8.3,9.0
45,2,Educação Física,9.6,8.3,9.3
45,2,Artes,9.7,7.3,9.0
45,2,Informática Aplicada,5.8,8.5,8.5
45,2,Desenho Técnico e Topografia,5.6,5.8,4.5
45,2,Fundamentos da Ciência do Solo,5.8,8.0,6.1
45,2,Forragicultura,5.0,6.0,4.0
45,2,Meio Ambiente e Sustentabilidade,7.0,7.3,8.0
45,2,Convivência com Bioma,7.5,9.0,7.0
45,2,Associativismo e Cooperativismo,9.1,6.8,6.5
45,2,Ovinocaprinocultura,7.0,7.5,2.7
45,2,Mecanização Agrícola,6.3,3.0,0.0
131,2,Língua Portuguesa,8.4,8.7,9.0
131,2,Matemática,5.9,6.0,8.0
131,2,Física,4.0,5.4,5.0
131,2,Química,8.2,7.7,10.0
131,2,Biologia,7.5,9.4,9.5
131,2,História,7.8,9.0,8.3
131,2,Geografia,7.7,8.6,7.2
131,2,Inglês,9.2,6.6,7.6
131,2,Filosofia,7.3,9.3,10.0
131,2,Sociologia,6.3,7.8,8.5
131,2,Espanhol,8.3,9.5,4.5
131,2,Educação Física,9.6,9.7,9.8
131,2,Artes,7.0,8.8,9.0
131,2,Informática Aplicada,7.9,9.3,9.3
131,2,Desenho Técnico e Topografia,6.0,7.6,6.6
131,2,Fundamentos da Ciência do Solo,9.6,9.2,7.5
131,2,Forragicultura,7.0,7.0,4.9
131,2,Meio Ambiente e Sustentabilidade,8.3,8.4,9.0
131,2,Convivência com Bioma,8.5,8.4,8.5
131,2,Associativismo e Cooperativismo,9.0,9.0,10.0
131,2,Ovinocaprinocultura,7.3,6.5,4.9
131,2,Mecanização Agrícola,9.0,9.8,0.0
29,2,Língua Portuguesa,8.2,8.5,7.4
29,2,Matemática,5.6,7.0,7.5
29,2,Física,4.0,2.0,3.5
29,2,Química,8.0,5.6,10.0
29,2,Biologia,7.0,9.4,9.5
29,2,História,6.0,7.0,6.0
29,2,Geografia,6.1,7.0,8.2
29,2,Inglês,7.3,7.5,7.6
29,2,Filosofia,10.0,9.0,9.1
29,2,Sociologia,8.2,8.2,6.8
29,2,Espanhol,8.5,9.0,9.0
29,2,Educação Física,9.5,9.8,9.0
29,2,Artes,10.0,9.3,9.0
29,2,Informática Aplicada,8.4,9.3,7.5
29,2,Desenho Técnico e Topografia,7.3,5.2,5.3
29,2,Fundamentos da Ciência do Solo,9.0,7.8,7.2
29,2,Forragicultura,7.0,7.0,4.0
29,2,Meio Ambiente e Sustentabilidade,7.5,8.5,9.0
29,2,Convivência com Bioma,7.3,7.8,8.8
29,2,Associativismo e Cooperativismo,7.9,8.5,9.8
29,2,Ovinocaprinocultura,7.3,8.0,6.7
29,2,Mecanização Agrícola,7.5,7.7,0.0
37,2,Língua Portuguesa,7.1,7.3,8.7
37,2,Matemática,5.2,6.2,6.2
37,2,Física,3.0,1.8,4.0
37,2,Química,5.0,4.6,9.5
37,2,Biologia,7.5,8.5,4.7
37,2,História,6.0,7.8,6.5
37,2,Geografia,7.4,3.5,4.9
37,2,Inglês,4.0,4.5,6.2
37,2,Filosofia,8.0,6.7,7.3
37,2,Sociologia,2.5,6.6,3.3
37,2,Espanhol,8.3,9.5,9.0
37,2,Educação Física,9.2,8.8,9.5
37,2,Artes,8.2,7.5,7.5
37,2,Informática Aplicada,7.5,8.0,8.0
37,2,Desenho Técnico e Topografia,6.6,7.7,4.2
37,2,Fundamentos da Ciência do Solo,5.6,4.6,6.1
37,2,Forragicultura,0.0,5.0,7.7
37,2,Meio Ambiente e Sustentabilidade,7.0,7.7,8.5
37,2,Convivência com Bioma,8.8,9.0,7.0
37,2,Associativismo e Cooperativismo,8.5,7.3,7.5
37,2,Ovinocaprinocultura,7.0,4.8,7.1
37,2,Mecanização Agrícola,5.0,4.6,0.0
38,2,Língua Portuguesa,7.5,7.2,8.8
38,2,Matemática,4.8,5.0,8.5
38,2,Física,3.0,1.4,4.0
38,2,Química,6.4,5.2,5.5
38,2,Biologia,7.5,8.8,6.5
38,2,História,6.0,7.5,6.3
38,2,Geografia,5.0,4.5,6.0
38,2,Inglês,3.5,2.8,4.4
38,2,Filosofia,7.0,6.0,8.3
38,2,Sociologia,3.0,2.4,3.0
38,2,Espanhol,9.0,7.8,9.0
38,2,Educação Física,9.5,8.9,9.3
38,2,Artes,9.2,7.5,9.0
38,2,Informática Aplicada,7.0,8.5,8.0
38,2,Desenho Técnico e Topografia,5.6,6.0,3.5
38,2,Fundamentos da Ciência do Solo,6.5,7.0,7.4
38,2,Forragicultura,9.0,5.0,7.1
38,2,Meio Ambiente e Sustentabilidade,7.5,7.5,7.0
38,2,Convivência com Bioma,8.5,7.0,7.3
38,2,Associativismo e Cooperativismo,9.0,8.3,7.1
38,2,Ovinocaprinocultura,8.0,5.3,6.2
38,2,Mecanização Agrícola,7.8,2.9,0.0
18,2,Língua Portuguesa,7.5,8.0,8.0
18,2,Matemática,4.6,6.3,6.5
18,2,Física,2.0,2.8,4.0
18,2,Química,7.7,5.0,6.0
18,2,Biologia,9.0,8.5,5.9
18,2,História,7.0,8.0,7.5
18,2,Geografia,4.5,6.0,4.9
18,2,Inglês,3.7,6.3,4.4
18,2,Filosofia,7.3,6.3,8.1
18,2,Sociologia,6.5,3.9,7.3
18,2,Espanhol,8.0,7.3,9.0
18,2,Educação Física,9.5,8.4,9.8
18,2,Artes,9.2,7.8,7.5
18,2,Informática Aplicada,6.4,9.0,8.0
18,2,Desenho Técnico e Topografia,4.7,5.2,3.7
18,2,Fundamentos da Ciência do Solo,8.4,7.0,5.6
18,2,Forragicultura,4.0,4.5,7.4
18,2,Meio Ambiente e Sustentabilidade,7.8,7.5,8.8
18,2,Convivência com Bioma,8.5,7.0,8.5
18,2,Associativismo e Cooperativismo,7.9,8.3,6.5
18,2,Ovinocaprinocultura,8.0,5.5,7.0
18,2,Mecanização Agrícola,8.1,6.7,0.0
25,2,Língua Portuguesa,9.4,8.6,8.4
25,2,Matemática,6.8,7.3,9.0
25,2,Física,2.8,3.3,3.5
25,2,Química,7.9,7.0,10.0
25,2,Biologia,8.2,9.5,7.4
25,2,História,6.0,7.0,7.0
25,2,Geografia,8.3,4.7,7.9
25,2,Inglês,7.7,7.2,7.6
25,2,Filosofia,9.3,8.7,7.6
25,2,Sociologia,7.9,6.9,7.0
25,2,Espanhol,9.0,9.5,9.0
25,2,Educação Física,9.5,9.7,9.0
25,2,Artes,9.0,8.5,9.0
25,2,Informática Aplicada,9.8,8.5,7.3
25,2,Desenho Técnico e Topografia,7.1,7.7,4.7
25,2,Fundamentos da Ciência do Solo,8.7,8.2,8.3
25,2,Forragicultura,7.0,7.5,7.6
25,2,Meio Ambiente e Sustentabilidade,8.5,8.0,8.5
25,2,Convivência com Bioma,8.0,8.2,7.5
25,2,Associativismo e Cooperativismo,9.8,8.5,9.9
25,2,Ovinocaprinocultura,7.0,6.0,6.4
25,2,Mecanização Agrícola,7.2,7.0,0.0
44,2,Língua Portuguesa,8.6,9.2,7.0
44,2,Matemática,7.6,9.3,7.7
44,2,Física,9.0,5.0,5.5
44,2,Química,9.0,8.0,9.8
44,2,Biologia,7.9,9.4,7.5
44,2,História,6.5,8.0,8.0
44,2,Geografia,7.5,8.2,6.3
44,2,Inglês,8.1,8.8,8.4
44,2,Filosofia,8.3,8.3,9.0
44,2,Sociologia,6.1,7.8,9.3
44,2,Espanhol,9.0,10.0,9.0
44,2,Educação Física,9.3,9.0,9.0
44,2,Artes,9.7,9.3,9.0
44,2,Informática Aplicada,9.8,9.5,8.0
44,2,Desenho Técnico e Topografia,7.2,8.0,8.0
44,2,Fundamentos da Ciência do Solo,8.7,8.4,4.1
44,2,Forragicultura,8.0,8.5,2.7
44,2,Meio Ambiente e Sustentabilidade,7.0,7.5,8.3
44,2,Convivência com Bioma,7.5,7.0,7.3
44,2,Associativismo e Cooperativismo,9.7,8.0,6.6
44,2,Ovinocaprinocultura,7.0,6.3,7.5
44,2,Mecanização Agrícola,9.7,7.4,0.0
126,2,Língua Portuguesa,7.2,8.0,5.8
126,2,Matemática,7.0,6.2,8.0
126,2,Física,0.0,2.5,4.0
126,2,Química,7.8,6.2,9.0
126,2,Biologia,7.5,8.7,6.5
126,2,História,6.0,7.0,7.0
126,2,Geografia,8.4,4.6,5.4
126,2,Inglês,3.5,4.9,5.1
126,2,Filosofia,7.0,7.5,8.3
126,2,Sociologia,4.7,6.1,8.5
126,2,Espanhol,8.0,9.5,9.0
126,2,Educação Física,9.5,8.9,7.8
126,2,Artes,9.5,6.8,9.0
126,2,Informática Aplicada,6.3,7.0,8.5
126,2,Desenho Técnico e Topografia,5.5,8.5,4.5
126,2,Fundamentos da Ciência do Solo,7.0,7.3,6.6
126,2,Forragicultura,6.0,7.0,3.0
126,2,Meio Ambiente e Sustentabilidade,8.5,7.7,9.0
126,2,Convivência com Bioma,7.5,7.1,8.0
126,2,Associativismo e Cooperativismo,7.0,6.5,5.4
126,2,Ovinocaprinocultura,4.2,7.0,3.0
126,2,Mecanização Agrícola,8.5,4.9,0.0
133,2,Língua Portuguesa,8.4,7.0,7.0
133,2,Matemática,5.0,6.0,10.0
133,2,Física,1.5,1.8,6.5
133,2,Química,7.8,4.6,9.5
133,2,Biologia,7.0,10.0,6.5
133,2,História,4.5,8.0,4.8
133,2,Geografia,7.0,3.0,6.7
133,2,Inglês,5.3,3.0,5.6
133,2,Filosofia,7.8,7.0,5.0
133,2,Sociologia,5.1,4.6,7.8
133,2,Espanhol,8.1,7.3,9.0
133,2,Educação Física,9.5,8.9,8.8
133,2,Artes,7.0,7.3,9.0
133,2,Informática Aplicada,7.5,9.0,8.5
133,2,Desenho Técnico e Topografia,4.5,7.1,5.9
133,2,Fundamentos da Ciência do Solo,7.4,5.0,7.6
133,2,Forragicultura,6.0,7.0,5.5
133,2,Meio Ambiente e Sustentabilidade,8.0,7.2,8.8
133,2,Convivência com Bioma,7.0,7.0,8.3
133,2,Associativismo e Cooperativismo,7.9,8.0,6.9
133,2,Ovinocaprinocultura,8.0,3.5,1.8
133,2,Mecanização Agrícola,7.4,8.3,0.0
136,2,Língua Portuguesa,7.9,7.8,8.9
136,2,Matemática,7.2,6.0,8.0
136,2,Física,3.0,2.3,3.0
136,2,Química,6.1,5.2,10.0
136,2,Biologia,7.5,10.0,7.6
136,2,História,4.0,8.0,5.8
136,2,Geografia,6.6,5.2,6.5
136,2,Inglês,6.6,5.4,6.5
136,2,Filosofia,7.0,4.3,7.1
136,2,Sociologia,8.9,3.7,10.0
136,2,Espanhol,8.5,9.3,9.0
136,2,Educação Física,9.6,9.4,9.8
136,2,Artes,10.0,6.5,9.0
136,2,Informática Aplicada,7.8,9.0,7.3
136,2,Desenho Técnico e Topografia,5.3,7.0,4.6
136,2,Fundamentos da Ciência do Solo,8.3,7.5,7.5
136,2,Forragicultura,5.0,7.3,7.2
136,2,Meio Ambiente e Sustentabilidade,7.8,8.8,8.5
136,2,Convivência com Bioma,7.8,7.0,7.8
136,2,Associativismo e Cooperativismo,9.7,0.0,7.5
136,2,Ovinocaprinocultura,7.0,4.2,5.9
136,2,Mecanização Agrícola,8.7,4.1,0.0
128,2,Língua Portuguesa,9.5,9.0,9.0
128,2,Matemática,5.5,3.8,5.8
128,2,Física,0.0,1.8,4.0
128,2,Química,6.0,0.9,7.4
128,2,Biologia,5.3,6.6,6.7
128,2,História,6.0,6.5,8.0
128,2,Geografia,7.0,4.8,6.4
128,2,Inglês,5.7,4.2,5.2
128,2,Filosofia,6.5,7.0,7.8
128,2,Sociologia,2.3,4.4,4.5
128,2,Espanhol,8.9,8.0,9.0
128,2,Educação Física,9.4,8.5,9.3
128,2,Artes,6.7,7.0,7.5
128,2,Informática Aplicada,2.0,8.8,9.0
128,2,Desenho Técnico e Topografia,6.5,7.2,5.0
128,2,Fundamentos da Ciência do Solo,7.8,0.0,7.8
128,2,Forragicultura,9.0,5.0,7.5
128,2,Meio Ambiente e Sustentabilidade,7.0,7.0,8.5
128,2,Convivência com Bioma,7.0,7.2,8.5
128,2,Associativismo e Cooperativismo,5.0,6.5,5.5
128,2,Ovinocaprinocultura,6.0,8.0,6.5
128,2,Mecanização Agrícola,5.5,2.5,0.0
